Date,Home/Neutral,Visitor/Neutral,Diifference
"Tue, Oct 25, 2016",Cleveland Cavaliers,New York Knicks,29.0
"Tue, Oct 25, 2016",Portland Trail Blazers,Utah Jazz,9.0
"Tue, Oct 25, 2016",Golden State Warriors,San Antonio Spurs,-29.0
"Wed, Oct 26, 2016",Indiana Pacers,Dallas Mavericks,9.0
"Wed, Oct 26, 2016",Orlando Magic,Miami Heat,-12.0
"Wed, Oct 26, 2016",Boston Celtics,Brooklyn Nets,5.0
"Wed, Oct 26, 2016",Toronto Raptors,Detroit Pistons,18.0
"Wed, Oct 26, 2016",New Orleans Pelicans,Denver Nuggets,-5.0
"Wed, Oct 26, 2016",Milwaukee Bucks,Charlotte Hornets,-11.0
"Wed, Oct 26, 2016",Memphis Grizzlies,Minnesota Timberwolves,4.0
"Wed, Oct 26, 2016",Philadelphia 76ers,Oklahoma City Thunder,-6.0
"Wed, Oct 26, 2016",Phoenix Suns,Sacramento Kings,-19.0
"Wed, Oct 26, 2016",Los Angeles Lakers,Houston Rockets,6.0
"Thu, Oct 27, 2016",Atlanta Hawks,Washington Wizards,15.0
"Thu, Oct 27, 2016",Chicago Bulls,Boston Celtics,6.0
"Thu, Oct 27, 2016",Portland Trail Blazers,Los Angeles Clippers,-8.0
"Thu, Oct 27, 2016",Sacramento Kings,San Antonio Spurs,-8.0
"Fri, Oct 28, 2016",Toronto Raptors,Cleveland Cavaliers,-3.0
"Fri, Oct 28, 2016",Brooklyn Nets,Indiana Pacers,9.0
"Fri, Oct 28, 2016",Detroit Pistons,Orlando Magic,26.0
"Fri, Oct 28, 2016",Oklahoma City Thunder,Phoenix Suns,3.0
"Fri, Oct 28, 2016",Miami Heat,Charlotte Hornets,-6.0
"Fri, Oct 28, 2016",Dallas Mavericks,Houston Rockets,-8.0
"Fri, Oct 28, 2016",Utah Jazz,Los Angeles Lakers,7.0
"Fri, Oct 28, 2016",New Orleans Pelicans,Golden State Warriors,-8.0
"Sat, Oct 29, 2016",Philadelphia 76ers,Atlanta Hawks,-32.0
"Sat, Oct 29, 2016",Charlotte Hornets,Boston Celtics,-6.0
"Sat, Oct 29, 2016",Cleveland Cavaliers,Orlando Magic,6.0
"Sat, Oct 29, 2016",New York Knicks,Memphis Grizzlies,7.0
"Sat, Oct 29, 2016",San Antonio Spurs,New Orleans Pelicans,19.0
"Sat, Oct 29, 2016",Milwaukee Bucks,Brooklyn Nets,2.0
"Sat, Oct 29, 2016",Chicago Bulls,Indiana Pacers,17.0
"Sat, Oct 29, 2016",Denver Nuggets,Portland Trail Blazers,-2.0
"Sat, Oct 29, 2016",Sacramento Kings,Minnesota Timberwolves,3.0
"Sun, Oct 30, 2016",Los Angeles Clippers,Utah Jazz,13.0
"Sun, Oct 30, 2016",Detroit Pistons,Milwaukee Bucks,15.0
"Sun, Oct 30, 2016",Phoenix Suns,Golden State Warriors,-6.0
"Sun, Oct 30, 2016",Miami Heat,San Antonio Spurs,-7.0
"Sun, Oct 30, 2016",Oklahoma City Thunder,Los Angeles Lakers,17.0
"Sun, Oct 30, 2016",Memphis Grizzlies,Washington Wizards,9.0
"Sun, Oct 30, 2016",Houston Rockets,Dallas Mavericks,1.0
"Mon, Oct 31, 2016",Atlanta Hawks,Sacramento Kings,11.0
"Mon, Oct 31, 2016",Brooklyn Nets,Chicago Bulls,-30.0
"Mon, Oct 31, 2016",Toronto Raptors,Denver Nuggets,3.0
"Mon, Oct 31, 2016",Los Angeles Clippers,Phoenix Suns,18.0
"Tue, Nov 1, 2016",Cleveland Cavaliers,Houston Rockets,8.0
"Tue, Nov 1, 2016",Indiana Pacers,Los Angeles Lakers,7.0
"Tue, Nov 1, 2016",Philadelphia 76ers,Orlando Magic,-2.0
"Tue, Nov 1, 2016",Detroit Pistons,New York Knicks,13.0
"Tue, Nov 1, 2016",Miami Heat,Sacramento Kings,12.0
"Tue, Nov 1, 2016",Minnesota Timberwolves,Memphis Grizzlies,36.0
"Tue, Nov 1, 2016",New Orleans Pelicans,Milwaukee Bucks,-4.0
"Tue, Nov 1, 2016",San Antonio Spurs,Utah Jazz,-15.0
"Tue, Nov 1, 2016",Portland Trail Blazers,Golden State Warriors,-23.0
"Wed, Nov 2, 2016",Charlotte Hornets,Philadelphia 76ers,16.0
"Wed, Nov 2, 2016",Washington Wizards,Toronto Raptors,-10.0
"Wed, Nov 2, 2016",Atlanta Hawks,Los Angeles Lakers,-7.0
"Wed, Nov 2, 2016",Brooklyn Nets,Detroit Pistons,8.0
"Wed, Nov 2, 2016",New York Knicks,Houston Rockets,-19.0
"Wed, Nov 2, 2016",Boston Celtics,Chicago Bulls,7.0
"Wed, Nov 2, 2016",Memphis Grizzlies,New Orleans Pelicans,6.0
"Wed, Nov 2, 2016",Utah Jazz,Dallas Mavericks,16.0
"Wed, Nov 2, 2016",Phoenix Suns,Portland Trail Blazers,3.0
"Wed, Nov 2, 2016",Los Angeles Clippers,Oklahoma City Thunder,-2.0
"Thu, Nov 3, 2016",Orlando Magic,Sacramento Kings,8.0
"Thu, Nov 3, 2016",Cleveland Cavaliers,Boston Celtics,6.0
"Thu, Nov 3, 2016",Milwaukee Bucks,Indiana Pacers,18.0
"Thu, Nov 3, 2016",Minnesota Timberwolves,Denver Nuggets,-3.0
"Thu, Nov 3, 2016",Golden State Warriors,Oklahoma City Thunder,26.0
"Fri, Nov 4, 2016",Washington Wizards,Atlanta Hawks,3.0
"Fri, Nov 4, 2016",Brooklyn Nets,Charlotte Hornets,-4.0
"Fri, Nov 4, 2016",Toronto Raptors,Miami Heat,9.0
"Fri, Nov 4, 2016",Chicago Bulls,New York Knicks,-13.0
"Fri, Nov 4, 2016",Memphis Grizzlies,Los Angeles Clippers,-11.0
"Fri, Nov 4, 2016",New Orleans Pelicans,Phoenix Suns,-1.0
"Fri, Nov 4, 2016",Dallas Mavericks,Portland Trail Blazers,-10.0
"Fri, Nov 4, 2016",Utah Jazz,San Antonio Spurs,-14.0
"Fri, Nov 4, 2016",Los Angeles Lakers,Golden State Warriors,20.0
"Sat, Nov 5, 2016",Oklahoma City Thunder,Minnesota Timberwolves,20.0
"Sat, Nov 5, 2016",Detroit Pistons,Denver Nuggets,17.0
"Sat, Nov 5, 2016",Indiana Pacers,Chicago Bulls,17.0
"Sat, Nov 5, 2016",Orlando Magic,Washington Wizards,2.0
"Sat, Nov 5, 2016",Philadelphia 76ers,Cleveland Cavaliers,-1.0
"Sat, Nov 5, 2016",Atlanta Hawks,Houston Rockets,15.0
"Sat, Nov 5, 2016",Milwaukee Bucks,Sacramento Kings,26.0
"Sat, Nov 5, 2016",San Antonio Spurs,Los Angeles Clippers,-24.0
"Sun, Nov 6, 2016",New York Knicks,Utah Jazz,-5.0
"Sun, Nov 6, 2016",Memphis Grizzlies,Portland Trail Blazers,-6.0
"Sun, Nov 6, 2016",Toronto Raptors,Sacramento Kings,-5.0
"Sun, Nov 6, 2016",Dallas Mavericks,Milwaukee Bucks,11.0
"Sun, Nov 6, 2016",Boston Celtics,Denver Nuggets,-16.0
"Sun, Nov 6, 2016",Los Angeles Lakers,Phoenix Suns,11.0
"Mon, Nov 7, 2016",Charlotte Hornets,Indiana Pacers,22.0
"Mon, Nov 7, 2016",Philadelphia 76ers,Utah Jazz,-25.0
"Mon, Nov 7, 2016",Washington Wizards,Houston Rockets,-8.0
"Mon, Nov 7, 2016",Chicago Bulls,Orlando Magic,32.0
"Mon, Nov 7, 2016",Oklahoma City Thunder,Miami Heat,12.0
"Mon, Nov 7, 2016",Golden State Warriors,New Orleans Pelicans,10.0
"Mon, Nov 7, 2016",Los Angeles Clippers,Detroit Pistons,32.0
"Tue, Nov 8, 2016",Cleveland Cavaliers,Atlanta Hawks,-4.0
"Tue, Nov 8, 2016",Brooklyn Nets,Minnesota Timberwolves,9.0
"Tue, Nov 8, 2016",Memphis Grizzlies,Denver Nuggets,1.0
"Tue, Nov 8, 2016",Portland Trail Blazers,Phoenix Suns,3.0
"Tue, Nov 8, 2016",Los Angeles Lakers,Dallas Mavericks,-12.0
"Tue, Nov 8, 2016",Sacramento Kings,New Orleans Pelicans,8.0
"Wed, Nov 9, 2016",Charlotte Hornets,Utah Jazz,6.0
"Wed, Nov 9, 2016",Indiana Pacers,Philadelphia 76ers,7.0
"Wed, Nov 9, 2016",New York Knicks,Brooklyn Nets,14.0
"Wed, Nov 9, 2016",Orlando Magic,Minnesota Timberwolves,-16.0
"Wed, Nov 9, 2016",Washington Wizards,Boston Celtics,25.0
"Wed, Nov 9, 2016",Atlanta Hawks,Chicago Bulls,8.0
"Wed, Nov 9, 2016",Oklahoma City Thunder,Toronto Raptors,-10.0
"Wed, Nov 9, 2016",Phoenix Suns,Detroit Pistons,7.0
"Wed, Nov 9, 2016",San Antonio Spurs,Houston Rockets,-2.0
"Wed, Nov 9, 2016",Golden State Warriors,Dallas Mavericks,21.0
"Wed, Nov 9, 2016",Los Angeles Clippers,Portland Trail Blazers,31.0
"Thu, Nov 10, 2016",Miami Heat,Chicago Bulls,-3.0
"Thu, Nov 10, 2016",Milwaukee Bucks,New Orleans Pelicans,-6.0
"Thu, Nov 10, 2016",Denver Nuggets,Golden State Warriors,-24.0
"Thu, Nov 10, 2016",Sacramento Kings,Los Angeles Lakers,-10.0
"Fri, Nov 11, 2016",Charlotte Hornets,Toronto Raptors,-2.0
"Fri, Nov 11, 2016",Orlando Magic,Utah Jazz,-13.0
"Fri, Nov 11, 2016",Philadelphia 76ers,Indiana Pacers,4.0
"Fri, Nov 11, 2016",Washington Wizards,Cleveland Cavaliers,-11.0
"Fri, Nov 11, 2016",Boston Celtics,New York Knicks,28.0
"Fri, Nov 11, 2016",Oklahoma City Thunder,Los Angeles Clippers,-2.0
"Fri, Nov 11, 2016",San Antonio Spurs,Detroit Pistons,10.0
"Fri, Nov 11, 2016",Portland Trail Blazers,Sacramento Kings,2.0
"Sat, Nov 12, 2016",Indiana Pacers,Boston Celtics,-6.0
"Sat, Nov 12, 2016",New Orleans Pelicans,Los Angeles Lakers,-27.0
"Sat, Nov 12, 2016",Atlanta Hawks,Philadelphia 76ers,21.0
"Sat, Nov 12, 2016",Toronto Raptors,New York Knicks,11.0
"Sat, Nov 12, 2016",Chicago Bulls,Washington Wizards,11.0
"Sat, Nov 12, 2016",Houston Rockets,San Antonio Spurs,-6.0
"Sat, Nov 12, 2016",Miami Heat,Utah Jazz,-11.0
"Sat, Nov 12, 2016",Minnesota Timberwolves,Los Angeles Clippers,-14.0
"Sat, Nov 12, 2016",Milwaukee Bucks,Memphis Grizzlies,10.0
"Sat, Nov 12, 2016",Denver Nuggets,Detroit Pistons,-11.0
"Sat, Nov 12, 2016",Phoenix Suns,Brooklyn Nets,-18.0
"Sun, Nov 13, 2016",Cleveland Cavaliers,Charlotte Hornets,7.0
"Sun, Nov 13, 2016",Minnesota Timberwolves,Los Angeles Lakers,26.0
"Sun, Nov 13, 2016",Oklahoma City Thunder,Orlando Magic,-2.0
"Sun, Nov 13, 2016",Golden State Warriors,Phoenix Suns,13.0
"Sun, Nov 13, 2016",Portland Trail Blazers,Denver Nuggets,7.0
"Mon, Nov 14, 2016",Indiana Pacers,Orlando Magic,19.0
"Mon, Nov 14, 2016",Detroit Pistons,Oklahoma City Thunder,16.0
"Mon, Nov 14, 2016",New York Knicks,Dallas Mavericks,16.0
"Mon, Nov 14, 2016",Houston Rockets,Philadelphia 76ers,27.0
"Mon, Nov 14, 2016",New Orleans Pelicans,Boston Celtics,1.0
"Mon, Nov 14, 2016",San Antonio Spurs,Miami Heat,4.0
"Mon, Nov 14, 2016",Utah Jazz,Memphis Grizzlies,-6.0
"Mon, Nov 14, 2016",Los Angeles Clippers,Brooklyn Nets,32.0
"Tue, Nov 15, 2016",Cleveland Cavaliers,Toronto Raptors,4.0
"Tue, Nov 15, 2016",Miami Heat,Atlanta Hawks,-3.0
"Tue, Nov 15, 2016",Minnesota Timberwolves,Charlotte Hornets,-7.0
"Tue, Nov 15, 2016",Portland Trail Blazers,Chicago Bulls,-25.0
"Tue, Nov 15, 2016",Los Angeles Lakers,Brooklyn Nets,7.0
"Wed, Nov 16, 2016",Indiana Pacers,Cleveland Cavaliers,10.0
"Wed, Nov 16, 2016",Orlando Magic,New Orleans Pelicans,7.0
"Wed, Nov 16, 2016",Philadelphia 76ers,Washington Wizards,7.0
"Wed, Nov 16, 2016",Atlanta Hawks,Milwaukee Bucks,7.0
"Wed, Nov 16, 2016",Boston Celtics,Dallas Mavericks,7.0
"Wed, Nov 16, 2016",New York Knicks,Detroit Pistons,3.0
"Wed, Nov 16, 2016",Oklahoma City Thunder,Houston Rockets,2.0
"Wed, Nov 16, 2016",Toronto Raptors,Golden State Warriors,-6.0
"Wed, Nov 16, 2016",Denver Nuggets,Phoenix Suns,16.0
"Wed, Nov 16, 2016",Los Angeles Clippers,Memphis Grizzlies,-4.0
"Wed, Nov 16, 2016",Sacramento Kings,San Antonio Spurs,-5.0
"Thu, Nov 17, 2016",Washington Wizards,New York Knicks,7.0
"Thu, Nov 17, 2016",Miami Heat,Milwaukee Bucks,23.0
"Thu, Nov 17, 2016",Houston Rockets,Portland Trail Blazers,17.0
"Thu, Nov 17, 2016",Minnesota Timberwolves,Philadelphia 76ers,24.0
"Thu, Nov 17, 2016",Utah Jazz,Chicago Bulls,-8.0
"Fri, Nov 18, 2016",Charlotte Hornets,Atlanta Hawks,4.0
"Fri, Nov 18, 2016",Indiana Pacers,Phoenix Suns,-20.0
"Fri, Nov 18, 2016",Cleveland Cavaliers,Detroit Pistons,23.0
"Fri, Nov 18, 2016",Boston Celtics,Golden State Warriors,-16.0
"Fri, Nov 18, 2016",New Orleans Pelicans,Portland Trail Blazers,12.0
"Fri, Nov 18, 2016",Oklahoma City Thunder,Brooklyn Nets,19.0
"Fri, Nov 18, 2016",Dallas Mavericks,Memphis Grizzlies,-16.0
"Fri, Nov 18, 2016",Denver Nuggets,Toronto Raptors,-2.0
"Fri, Nov 18, 2016",Los Angeles Lakers,San Antonio Spurs,-9.0
"Fri, Nov 18, 2016",Sacramento Kings,Los Angeles Clippers,-6.0
"Sat, Nov 19, 2016",Houston Rockets,Utah Jazz,9.0
"Sat, Nov 19, 2016",Detroit Pistons,Boston Celtics,-2.0
"Sat, Nov 19, 2016",New Orleans Pelicans,Charlotte Hornets,5.0
"Sat, Nov 19, 2016",Orlando Magic,Dallas Mavericks,8.0
"Sat, Nov 19, 2016",Washington Wizards,Miami Heat,-3.0
"Sat, Nov 19, 2016",Philadelphia 76ers,Phoenix Suns,15.0
"Sat, Nov 19, 2016",Memphis Grizzlies,Minnesota Timberwolves,22.0
"Sat, Nov 19, 2016",Milwaukee Bucks,Golden State Warriors,-3.0
"Sat, Nov 19, 2016",Los Angeles Clippers,Chicago Bulls,7.0
"Sun, Nov 20, 2016",New York Knicks,Atlanta Hawks,10.0
"Sun, Nov 20, 2016",Brooklyn Nets,Portland Trail Blazers,-20.0
"Sun, Nov 20, 2016",Oklahoma City Thunder,Indiana Pacers,-4.0
"Sun, Nov 20, 2016",Denver Nuggets,Utah Jazz,14.0
"Sun, Nov 20, 2016",Sacramento Kings,Toronto Raptors,3.0
"Sun, Nov 20, 2016",Los Angeles Lakers,Chicago Bulls,-8.0
"Mon, Nov 21, 2016",Charlotte Hornets,Memphis Grizzlies,-15.0
"Mon, Nov 21, 2016",Indiana Pacers,Golden State Warriors,-37.0
"Mon, Nov 21, 2016",Philadelphia 76ers,Miami Heat,7.0
"Mon, Nov 21, 2016",Washington Wizards,Phoenix Suns,5.0
"Mon, Nov 21, 2016",Detroit Pistons,Houston Rockets,-3.0
"Mon, Nov 21, 2016",Milwaukee Bucks,Orlando Magic,4.0
"Mon, Nov 21, 2016",Minnesota Timberwolves,Boston Celtics,-6.0
"Mon, Nov 21, 2016",San Antonio Spurs,Dallas Mavericks,5.0
"Mon, Nov 21, 2016",Los Angeles Clippers,Toronto Raptors,8.0
"Tue, Nov 22, 2016",Atlanta Hawks,New Orleans Pelicans,-18.0
"Tue, Nov 22, 2016",New York Knicks,Portland Trail Blazers,4.0
"Tue, Nov 22, 2016",Denver Nuggets,Chicago Bulls,3.0
"Tue, Nov 22, 2016",Los Angeles Lakers,Oklahoma City Thunder,2.0
"Wed, Nov 23, 2016",Charlotte Hornets,San Antonio Spurs,-5.0
"Wed, Nov 23, 2016",Cleveland Cavaliers,Portland Trail Blazers,12.0
"Wed, Nov 23, 2016",Indiana Pacers,Atlanta Hawks,-11.0
"Wed, Nov 23, 2016",Orlando Magic,Phoenix Suns,-5.0
"Wed, Nov 23, 2016",Philadelphia 76ers,Memphis Grizzlies,-5.0
"Wed, Nov 23, 2016",Brooklyn Nets,Boston Celtics,-19.0
"Wed, Nov 23, 2016",Detroit Pistons,Miami Heat,23.0
"Wed, Nov 23, 2016",Houston Rockets,Toronto Raptors,-13.0
"Wed, Nov 23, 2016",Dallas Mavericks,Los Angeles Clippers,-20.0
"Wed, Nov 23, 2016",Utah Jazz,Denver Nuggets,25.0
"Wed, Nov 23, 2016",New Orleans Pelicans,Minnesota Timberwolves,21.0
"Wed, Nov 23, 2016",Golden State Warriors,Los Angeles Lakers,43.0
"Wed, Nov 23, 2016",Sacramento Kings,Oklahoma City Thunder,15.0
"Fri, Nov 25, 2016",Boston Celtics,San Antonio Spurs,-6.0
"Fri, Nov 25, 2016",Orlando Magic,Washington Wizards,-3.0
"Fri, Nov 25, 2016",Cleveland Cavaliers,Dallas Mavericks,38.0
"Fri, Nov 25, 2016",Detroit Pistons,Los Angeles Clippers,11.0
"Fri, Nov 25, 2016",New York Knicks,Charlotte Hornets,2.0
"Fri, Nov 25, 2016",Philadelphia 76ers,Chicago Bulls,-16.0
"Fri, Nov 25, 2016",Indiana Pacers,Brooklyn Nets,21.0
"Fri, Nov 25, 2016",Memphis Grizzlies,Miami Heat,-9.0
"Fri, Nov 25, 2016",Milwaukee Bucks,Toronto Raptors,-6.0
"Fri, Nov 25, 2016",Utah Jazz,Atlanta Hawks,27.0
"Fri, Nov 25, 2016",Denver Nuggets,Oklahoma City Thunder,-3.0
"Fri, Nov 25, 2016",Phoenix Suns,Minnesota Timberwolves,-13.0
"Fri, Nov 25, 2016",Portland Trail Blazers,New Orleans Pelicans,15.0
"Fri, Nov 25, 2016",Los Angeles Lakers,Golden State Warriors,-24.0
"Fri, Nov 25, 2016",Sacramento Kings,Houston Rockets,-13.0
"Sat, Nov 26, 2016",Charlotte Hornets,New York Knicks,5.0
"Sat, Nov 26, 2016",Washington Wizards,San Antonio Spurs,-12.0
"Sat, Nov 26, 2016",Miami Heat,Memphis Grizzlies,-3.0
"Sat, Nov 26, 2016",Oklahoma City Thunder,Detroit Pistons,18.0
"Sat, Nov 26, 2016",Golden State Warriors,Minnesota Timberwolves,13.0
"Sun, Nov 27, 2016",Philadelphia 76ers,Cleveland Cavaliers,-4.0
"Sun, Nov 27, 2016",Phoenix Suns,Denver Nuggets,-6.0
"Sun, Nov 27, 2016",Brooklyn Nets,Sacramento Kings,-17.0
"Sun, Nov 27, 2016",Indiana Pacers,Los Angeles Clippers,21.0
"Sun, Nov 27, 2016",Orlando Magic,Milwaukee Bucks,-8.0
"Sun, Nov 27, 2016",Dallas Mavericks,New Orleans Pelicans,10.0
"Sun, Nov 27, 2016",Portland Trail Blazers,Houston Rockets,-16.0
"Sun, Nov 27, 2016",Los Angeles Lakers,Atlanta Hawks,15.0
"Mon, Nov 28, 2016",Washington Wizards,Sacramento Kings,6.0
"Mon, Nov 28, 2016",Miami Heat,Boston Celtics,-8.0
"Mon, Nov 28, 2016",New York Knicks,Oklahoma City Thunder,-9.0
"Mon, Nov 28, 2016",Toronto Raptors,Philadelphia 76ers,27.0
"Mon, Nov 28, 2016",Memphis Grizzlies,Charlotte Hornets,-19.0
"Mon, Nov 28, 2016",Minnesota Timberwolves,Utah Jazz,-9.0
"Mon, Nov 28, 2016",Golden State Warriors,Atlanta Hawks,5.0
"Tue, Nov 29, 2016",Charlotte Hornets,Detroit Pistons,-23.0
"Tue, Nov 29, 2016",Brooklyn Nets,Los Angeles Clippers,5.0
"Tue, Nov 29, 2016",Milwaukee Bucks,Cleveland Cavaliers,17.0
"Tue, Nov 29, 2016",New Orleans Pelicans,Los Angeles Lakers,17.0
"Tue, Nov 29, 2016",San Antonio Spurs,Orlando Magic,-12.0
"Tue, Nov 29, 2016",Utah Jazz,Houston Rockets,19.0
"Wed, Nov 30, 2016",Boston Celtics,Detroit Pistons,-7.0
"Wed, Nov 30, 2016",Toronto Raptors,Memphis Grizzlies,15.0
"Wed, Nov 30, 2016",Chicago Bulls,Los Angeles Lakers,-6.0
"Wed, Nov 30, 2016",Minnesota Timberwolves,New York Knicks,-2.0
"Wed, Nov 30, 2016",Oklahoma City Thunder,Washington Wizards,11.0
"Wed, Nov 30, 2016",Dallas Mavericks,San Antonio Spurs,-7.0
"Wed, Nov 30, 2016",Denver Nuggets,Miami Heat,-8.0
"Wed, Nov 30, 2016",Phoenix Suns,Atlanta Hawks,2.0
"Wed, Nov 30, 2016",Portland Trail Blazers,Indiana Pacers,22.0
"Thu, Dec 1, 2016",Charlotte Hornets,Dallas Mavericks,10.0
"Thu, Dec 1, 2016",Brooklyn Nets,Milwaukee Bucks,-18.0
"Thu, Dec 1, 2016",Cleveland Cavaliers,Los Angeles Clippers,-19.0
"Thu, Dec 1, 2016",Memphis Grizzlies,Orlando Magic,1.0
"Thu, Dec 1, 2016",Utah Jazz,Miami Heat,-1.0
"Thu, Dec 1, 2016",Golden State Warriors,Houston Rockets,-5.0
"Fri, Dec 2, 2016",Philadelphia 76ers,Orlando Magic,-17.0
"Fri, Dec 2, 2016",Boston Celtics,Sacramento Kings,5.0
"Fri, Dec 2, 2016",New York Knicks,Minnesota Timberwolves,4.0
"Fri, Dec 2, 2016",Toronto Raptors,Los Angeles Lakers,33.0
"Fri, Dec 2, 2016",Atlanta Hawks,Detroit Pistons,-36.0
"Fri, Dec 2, 2016",Chicago Bulls,Cleveland Cavaliers,6.0
"Fri, Dec 2, 2016",New Orleans Pelicans,Los Angeles Clippers,-18.0
"Fri, Dec 2, 2016",San Antonio Spurs,Washington Wizards,2.0
"Fri, Dec 2, 2016",Denver Nuggets,Houston Rockets,-18.0
"Sat, Dec 3, 2016",Milwaukee Bucks,Brooklyn Nets,9.0
"Sat, Dec 3, 2016",Charlotte Hornets,Minnesota Timberwolves,-5.0
"Sat, Dec 3, 2016",Philadelphia 76ers,Boston Celtics,-1.0
"Sat, Dec 3, 2016",Toronto Raptors,Atlanta Hawks,44.0
"Sat, Dec 3, 2016",Memphis Grizzlies,Los Angeles Lakers,3.0
"Sat, Dec 3, 2016",Dallas Mavericks,Chicago Bulls,25.0
"Sat, Dec 3, 2016",Utah Jazz,Denver Nuggets,7.0
"Sat, Dec 3, 2016",Portland Trail Blazers,Miami Heat,7.0
"Sat, Dec 3, 2016",Golden State Warriors,Phoenix Suns,29.0
"Sun, Dec 4, 2016",Detroit Pistons,Orlando Magic,-6.0
"Sun, Dec 4, 2016",Oklahoma City Thunder,New Orleans Pelicans,9.0
"Sun, Dec 4, 2016",New York Knicks,Sacramento Kings,8.0
"Sun, Dec 4, 2016",Los Angeles Clippers,Indiana Pacers,-9.0
"Mon, Dec 5, 2016",Philadelphia 76ers,Denver Nuggets,-8.0
"Mon, Dec 5, 2016",Atlanta Hawks,Oklahoma City Thunder,-3.0
"Mon, Dec 5, 2016",Brooklyn Nets,Washington Wizards,-5.0
"Mon, Dec 5, 2016",Toronto Raptors,Cleveland Cavaliers,-4.0
"Mon, Dec 5, 2016",Chicago Bulls,Portland Trail Blazers,-2.0
"Mon, Dec 5, 2016",Houston Rockets,Boston Celtics,1.0
"Mon, Dec 5, 2016",Milwaukee Bucks,San Antonio Spurs,-1.0
"Mon, Dec 5, 2016",New Orleans Pelicans,Memphis Grizzlies,-2.0
"Mon, Dec 5, 2016",Dallas Mavericks,Charlotte Hornets,-8.0
"Mon, Dec 5, 2016",Golden State Warriors,Indiana Pacers,36.0
"Mon, Dec 5, 2016",Los Angeles Lakers,Utah Jazz,-6.0
"Tue, Dec 6, 2016",Washington Wizards,Orlando Magic,-8.0
"Tue, Dec 6, 2016",Detroit Pistons,Chicago Bulls,11.0
"Tue, Dec 6, 2016",Miami Heat,New York Knicks,-11.0
"Tue, Dec 6, 2016",Memphis Grizzlies,Philadelphia 76ers,5.0
"Tue, Dec 6, 2016",Minnesota Timberwolves,San Antonio Spurs,-14.0
"Tue, Dec 6, 2016",Utah Jazz,Phoenix Suns,7.0
"Wed, Dec 7, 2016",Charlotte Hornets,Detroit Pistons,10.0
"Wed, Dec 7, 2016",Orlando Magic,Boston Celtics,-30.0
"Wed, Dec 7, 2016",Atlanta Hawks,Miami Heat,8.0
"Wed, Dec 7, 2016",Brooklyn Nets,Denver Nuggets,5.0
"Wed, Dec 7, 2016",Houston Rockets,Los Angeles Lakers,39.0
"Wed, Dec 7, 2016",Milwaukee Bucks,Portland Trail Blazers,8.0
"Wed, Dec 7, 2016",New York Knicks,Cleveland Cavaliers,-32.0
"Wed, Dec 7, 2016",Dallas Mavericks,Sacramento Kings,-31.0
"Wed, Dec 7, 2016",Phoenix Suns,Indiana Pacers,-15.0
"Wed, Dec 7, 2016",Los Angeles Clippers,Golden State Warriors,-17.0
"Thu, Dec 8, 2016",Toronto Raptors,Minnesota Timberwolves,14.0
"Thu, Dec 8, 2016",Washington Wizards,Denver Nuggets,7.0
"Thu, Dec 8, 2016",Memphis Grizzlies,Portland Trail Blazers,2.0
"Thu, Dec 8, 2016",New Orleans Pelicans,Philadelphia 76ers,-11.0
"Thu, Dec 8, 2016",Utah Jazz,Golden State Warriors,-7.0
"Thu, Dec 8, 2016",Chicago Bulls,San Antonio Spurs,4.0
"Fri, Dec 9, 2016",Charlotte Hornets,Orlando Magic,21.0
"Fri, Dec 9, 2016",Boston Celtics,Toronto Raptors,-7.0
"Fri, Dec 9, 2016",Cleveland Cavaliers,Miami Heat,30.0
"Fri, Dec 9, 2016",Milwaukee Bucks,Atlanta Hawks,-4.0
"Fri, Dec 9, 2016",Minnesota Timberwolves,Detroit Pistons,-27.0
"Fri, Dec 9, 2016",Oklahoma City Thunder,Houston Rockets,-3.0
"Fri, Dec 9, 2016",Dallas Mavericks,Indiana Pacers,8.0
"Fri, Dec 9, 2016",Los Angeles Lakers,Phoenix Suns,-4.0
"Fri, Dec 9, 2016",Sacramento Kings,New York Knicks,-3.0
"Sat, Dec 10, 2016",Indiana Pacers,Portland Trail Blazers,7.0
"Sat, Dec 10, 2016",Orlando Magic,Denver Nuggets,-8.0
"Sat, Dec 10, 2016",Washington Wizards,Milwaukee Bucks,5.0
"Sat, Dec 10, 2016",Cleveland Cavaliers,Charlotte Hornets,11.0
"Sat, Dec 10, 2016",Chicago Bulls,Miami Heat,5.0
"Sat, Dec 10, 2016",Houston Rockets,Dallas Mavericks,22.0
"Sat, Dec 10, 2016",Memphis Grizzlies,Golden State Warriors,21.0
"Sat, Dec 10, 2016",San Antonio Spurs,Brooklyn Nets,29.0
"Sat, Dec 10, 2016",Utah Jazz,Sacramento Kings,20.0
"Sat, Dec 10, 2016",Los Angeles Clippers,New Orleans Pelicans,28.0
"Sun, Dec 11, 2016",Detroit Pistons,Philadelphia 76ers,-18.0
"Sun, Dec 11, 2016",Minnesota Timberwolves,Golden State Warriors,-8.0
"Sun, Dec 11, 2016",Oklahoma City Thunder,Boston Celtics,3.0
"Sun, Dec 11, 2016",Phoenix Suns,New Orleans Pelicans,-1.0
"Sun, Dec 11, 2016",Los Angeles Lakers,New York Knicks,-6.0
"Mon, Dec 12, 2016",Indiana Pacers,Charlotte Hornets,16.0
"Mon, Dec 12, 2016",Miami Heat,Washington Wizards,11.0
"Mon, Dec 12, 2016",Toronto Raptors,Milwaukee Bucks,22.0
"Mon, Dec 12, 2016",Houston Rockets,Brooklyn Nets,4.0
"Mon, Dec 12, 2016",Dallas Mavericks,Denver Nuggets,20.0
"Mon, Dec 12, 2016",Los Angeles Clippers,Portland Trail Blazers,1.0
"Mon, Dec 12, 2016",Sacramento Kings,Los Angeles Lakers,24.0
"Tue, Dec 13, 2016",Cleveland Cavaliers,Memphis Grizzlies,17.0
"Tue, Dec 13, 2016",Atlanta Hawks,Orlando Magic,-11.0
"Tue, Dec 13, 2016",Chicago Bulls,Minnesota Timberwolves,-5.0
"Tue, Dec 13, 2016",New Orleans Pelicans,Golden State Warriors,-4.0
"Tue, Dec 13, 2016",Phoenix Suns,New York Knicks,2.0
"Tue, Dec 13, 2016",Portland Trail Blazers,Oklahoma City Thunder,19.0
"Wed, Dec 14, 2016",Miami Heat,Indiana Pacers,6.0
"Wed, Dec 14, 2016",Orlando Magic,Los Angeles Clippers,-5.0
"Wed, Dec 14, 2016",Philadelphia 76ers,Toronto Raptors,-9.0
"Wed, Dec 14, 2016",Washington Wizards,Charlotte Hornets,3.0
"Wed, Dec 14, 2016",Brooklyn Nets,Los Angeles Lakers,10.0
"Wed, Dec 14, 2016",Houston Rockets,Sacramento Kings,34.0
"Wed, Dec 14, 2016",Memphis Grizzlies,Cleveland Cavaliers,8.0
"Wed, Dec 14, 2016",Dallas Mavericks,Detroit Pistons,-10.0
"Wed, Dec 14, 2016",Utah Jazz,Oklahoma City Thunder,20.0
"Wed, Dec 14, 2016",San Antonio Spurs,Boston Celtics,7.0
"Thu, Dec 15, 2016",Milwaukee Bucks,Chicago Bulls,11.0
"Thu, Dec 15, 2016",New Orleans Pelicans,Indiana Pacers,7.0
"Thu, Dec 15, 2016",Denver Nuggets,Portland Trail Blazers,12.0
"Thu, Dec 15, 2016",Phoenix Suns,San Antonio Spurs,-15.0
"Thu, Dec 15, 2016",Golden State Warriors,New York Knicks,13.0
"Fri, Dec 16, 2016",Orlando Magic,Brooklyn Nets,7.0
"Fri, Dec 16, 2016",Washington Wizards,Detroit Pistons,14.0
"Fri, Dec 16, 2016",Boston Celtics,Charlotte Hornets,8.0
"Fri, Dec 16, 2016",Toronto Raptors,Atlanta Hawks,-4.0
"Fri, Dec 16, 2016",Chicago Bulls,Milwaukee Bucks,-26.0
"Fri, Dec 16, 2016",Houston Rockets,New Orleans Pelicans,22.0
"Fri, Dec 16, 2016",Memphis Grizzlies,Sacramento Kings,-4.0
"Fri, Dec 16, 2016",Miami Heat,Los Angeles Clippers,-4.0
"Fri, Dec 16, 2016",Philadelphia 76ers,Los Angeles Lakers,-11.0
"Fri, Dec 16, 2016",Utah Jazz,Dallas Mavericks,3.0
"Sat, Dec 17, 2016",Oklahoma City Thunder,Phoenix Suns,13.0
"Sat, Dec 17, 2016",Detroit Pistons,Indiana Pacers,-15.0
"Sat, Dec 17, 2016",Atlanta Hawks,Charlotte Hornets,-8.0
"Sat, Dec 17, 2016",Cleveland Cavaliers,Los Angeles Lakers,11.0
"Sat, Dec 17, 2016",Minnesota Timberwolves,Houston Rockets,-2.0
"Sat, Dec 17, 2016",Denver Nuggets,New York Knicks,13.0
"Sat, Dec 17, 2016",Golden State Warriors,Portland Trail Blazers,45.0
"Sun, Dec 18, 2016",Washington Wizards,Los Angeles Clippers,7.0
"Sun, Dec 18, 2016",Dallas Mavericks,Sacramento Kings,20.0
"Sun, Dec 18, 2016",Memphis Grizzlies,Utah Jazz,-9.0
"Sun, Dec 18, 2016",Miami Heat,Boston Celtics,-10.0
"Sun, Dec 18, 2016",Orlando Magic,Toronto Raptors,-30.0
"Sun, Dec 18, 2016",Philadelphia 76ers,Brooklyn Nets,1.0
"Sun, Dec 18, 2016",San Antonio Spurs,New Orleans Pelicans,13.0
"Mon, Dec 19, 2016",Indiana Pacers,Washington Wizards,2.0
"Mon, Dec 19, 2016",Chicago Bulls,Detroit Pistons,31.0
"Mon, Dec 19, 2016",Minnesota Timberwolves,Phoenix Suns,7.0
"Mon, Dec 19, 2016",Oklahoma City Thunder,Atlanta Hawks,-2.0
"Mon, Dec 19, 2016",Denver Nuggets,Dallas Mavericks,10.0
"Tue, Dec 20, 2016",Charlotte Hornets,Los Angeles Lakers,4.0
"Tue, Dec 20, 2016",Philadelphia 76ers,New Orleans Pelicans,-15.0
"Tue, Dec 20, 2016",Miami Heat,Orlando Magic,-6.0
"Tue, Dec 20, 2016",New York Knicks,Indiana Pacers,7.0
"Tue, Dec 20, 2016",Toronto Raptors,Brooklyn Nets,12.0
"Tue, Dec 20, 2016",Houston Rockets,San Antonio Spurs,-2.0
"Tue, Dec 20, 2016",Memphis Grizzlies,Boston Celtics,-3.0
"Tue, Dec 20, 2016",Milwaukee Bucks,Cleveland Cavaliers,-6.0
"Tue, Dec 20, 2016",Golden State Warriors,Utah Jazz,30.0
"Tue, Dec 20, 2016",Los Angeles Clippers,Denver Nuggets,17.0
"Tue, Dec 20, 2016",Sacramento Kings,Portland Trail Blazers,5.0
"Wed, Dec 21, 2016",Cleveland Cavaliers,Milwaukee Bucks,11.0
"Wed, Dec 21, 2016",Atlanta Hawks,Minnesota Timberwolves,-8.0
"Wed, Dec 21, 2016",Detroit Pistons,Memphis Grizzlies,-12.0
"Wed, Dec 21, 2016",Chicago Bulls,Washington Wizards,-10.0
"Wed, Dec 21, 2016",New Orleans Pelicans,Oklahoma City Thunder,-11.0
"Wed, Dec 21, 2016",Phoenix Suns,Houston Rockets,-14.0
"Wed, Dec 21, 2016",Utah Jazz,Sacramento Kings,-1.0
"Wed, Dec 21, 2016",Portland Trail Blazers,Dallas Mavericks,-1.0
"Thu, Dec 22, 2016",Indiana Pacers,Boston Celtics,-7.0
"Thu, Dec 22, 2016",Brooklyn Nets,Golden State Warriors,-16.0
"Thu, Dec 22, 2016",New York Knicks,Orlando Magic,11.0
"Thu, Dec 22, 2016",Miami Heat,Los Angeles Lakers,8.0
"Thu, Dec 22, 2016",Los Angeles Clippers,San Antonio Spurs,5.0
"Fri, Dec 23, 2016",Charlotte Hornets,Chicago Bulls,12.0
"Fri, Dec 23, 2016",Orlando Magic,Los Angeles Lakers,19.0
"Fri, Dec 23, 2016",Boston Celtics,Oklahoma City Thunder,-5.0
"Fri, Dec 23, 2016",Cleveland Cavaliers,Brooklyn Nets,20.0
"Fri, Dec 23, 2016",Detroit Pistons,Golden State Warriors,-6.0
"Fri, Dec 23, 2016",Memphis Grizzlies,Houston Rockets,6.0
"Fri, Dec 23, 2016",Milwaukee Bucks,Washington Wizards,27.0
"Fri, Dec 23, 2016",Minnesota Timberwolves,Sacramento Kings,-4.0
"Fri, Dec 23, 2016",New Orleans Pelicans,Miami Heat,4.0
"Fri, Dec 23, 2016",Denver Nuggets,Atlanta Hawks,-1.0
"Fri, Dec 23, 2016",Phoenix Suns,Philadelphia 76ers,7.0
"Fri, Dec 23, 2016",Utah Jazz,Toronto Raptors,-6.0
"Fri, Dec 23, 2016",Portland Trail Blazers,San Antonio Spurs,-20.0
"Fri, Dec 23, 2016",Los Angeles Clippers,Dallas Mavericks,-2.0
"Sun, Dec 25, 2016",New York Knicks,Boston Celtics,-5.0
"Sun, Dec 25, 2016",Cleveland Cavaliers,Golden State Warriors,1.0
"Sun, Dec 25, 2016",San Antonio Spurs,Chicago Bulls,19.0
"Sun, Dec 25, 2016",Oklahoma City Thunder,Minnesota Timberwolves,12.0
"Sun, Dec 25, 2016",Los Angeles Lakers,Los Angeles Clippers,9.0
"Mon, Dec 26, 2016",Orlando Magic,Memphis Grizzlies,10.0
"Mon, Dec 26, 2016",Washington Wizards,Milwaukee Bucks,5.0
"Mon, Dec 26, 2016",Brooklyn Nets,Charlotte Hornets,2.0
"Mon, Dec 26, 2016",Detroit Pistons,Cleveland Cavaliers,16.0
"Mon, Dec 26, 2016",Chicago Bulls,Indiana Pacers,5.0
"Mon, Dec 26, 2016",Houston Rockets,Phoenix Suns,16.0
"Mon, Dec 26, 2016",Minnesota Timberwolves,Atlanta Hawks,14.0
"Mon, Dec 26, 2016",New Orleans Pelicans,Dallas Mavericks,7.0
"Mon, Dec 26, 2016",Portland Trail Blazers,Toronto Raptors,-4.0
"Mon, Dec 26, 2016",Los Angeles Clippers,Denver Nuggets,-4.0
"Mon, Dec 26, 2016",Sacramento Kings,Philadelphia 76ers,2.0
"Tue, Dec 27, 2016",Boston Celtics,Memphis Grizzlies,10.0
"Tue, Dec 27, 2016",Miami Heat,Oklahoma City Thunder,-12.0
"Tue, Dec 27, 2016",Dallas Mavericks,Houston Rockets,-16.0
"Tue, Dec 27, 2016",Los Angeles Lakers,Utah Jazz,-2.0
"Wed, Dec 28, 2016",Orlando Magic,Charlotte Hornets,-19.0
"Wed, Dec 28, 2016",Washington Wizards,Indiana Pacers,6.0
"Wed, Dec 28, 2016",Atlanta Hawks,New York Knicks,4.0
"Wed, Dec 28, 2016",Detroit Pistons,Milwaukee Bucks,-25.0
"Wed, Dec 28, 2016",Chicago Bulls,Brooklyn Nets,2.0
"Wed, Dec 28, 2016",New Orleans Pelicans,Los Angeles Clippers,4.0
"Wed, Dec 28, 2016",San Antonio Spurs,Phoenix Suns,21.0
"Wed, Dec 28, 2016",Denver Nuggets,Minnesota Timberwolves,2.0
"Wed, Dec 28, 2016",Portland Trail Blazers,Sacramento Kings,13.0
"Wed, Dec 28, 2016",Golden State Warriors,Toronto Raptors,10.0
"Thu, Dec 29, 2016",Charlotte Hornets,Miami Heat,9.0
"Thu, Dec 29, 2016",Cleveland Cavaliers,Boston Celtics,6.0
"Thu, Dec 29, 2016",Memphis Grizzlies,Oklahoma City Thunder,34.0
"Thu, Dec 29, 2016",Phoenix Suns,Toronto Raptors,8.0
"Thu, Dec 29, 2016",Utah Jazz,Philadelphia 76ers,17.0
"Thu, Dec 29, 2016",Los Angeles Lakers,Dallas Mavericks,-12.0
"Fri, Dec 30, 2016",Indiana Pacers,Chicago Bulls,10.0
"Fri, Dec 30, 2016",Washington Wizards,Brooklyn Nets,23.0
"Fri, Dec 30, 2016",Boston Celtics,Miami Heat,3.0
"Fri, Dec 30, 2016",Atlanta Hawks,Detroit Pistons,7.0
"Fri, Dec 30, 2016",Houston Rockets,Los Angeles Clippers,24.0
"Fri, Dec 30, 2016",Minnesota Timberwolves,Milwaukee Bucks,17.0
"Fri, Dec 30, 2016",New Orleans Pelicans,New York Knicks,12.0
"Fri, Dec 30, 2016",San Antonio Spurs,Portland Trail Blazers,16.0
"Fri, Dec 30, 2016",Denver Nuggets,Philadelphia 76ers,-2.0
"Fri, Dec 30, 2016",Golden State Warriors,Dallas Mavericks,9.0
"Sat, Dec 31, 2016",Sacramento Kings,Memphis Grizzlies,-14.0
"Sat, Dec 31, 2016",Chicago Bulls,Milwaukee Bucks,-20.0
"Sat, Dec 31, 2016",Charlotte Hornets,Cleveland Cavaliers,-12.0
"Sat, Dec 31, 2016",Houston Rockets,New York Knicks,7.0
"Sat, Dec 31, 2016",Oklahoma City Thunder,Los Angeles Clippers,26.0
"Sat, Dec 31, 2016",Utah Jazz,Phoenix Suns,5.0
"Sun, Jan 1, 2017",Atlanta Hawks,San Antonio Spurs,2.0
"Sun, Jan 1, 2017",Indiana Pacers,Orlando Magic,13.0
"Sun, Jan 1, 2017",Miami Heat,Detroit Pistons,-9.0
"Sun, Jan 1, 2017",Minnesota Timberwolves,Portland Trail Blazers,-6.0
"Sun, Jan 1, 2017",Los Angeles Lakers,Toronto Raptors,-9.0
"Mon, Jan 2, 2017",Cleveland Cavaliers,New Orleans Pelicans,8.0
"Mon, Jan 2, 2017",Milwaukee Bucks,Oklahoma City Thunder,4.0
"Mon, Jan 2, 2017",Brooklyn Nets,Utah Jazz,-12.0
"Mon, Jan 2, 2017",New York Knicks,Orlando Magic,-12.0
"Mon, Jan 2, 2017",Chicago Bulls,Charlotte Hornets,7.0
"Mon, Jan 2, 2017",Houston Rockets,Washington Wizards,10.0
"Mon, Jan 2, 2017",Golden State Warriors,Denver Nuggets,8.0
"Mon, Jan 2, 2017",Los Angeles Clippers,Phoenix Suns,11.0
"Tue, Jan 3, 2017",Philadelphia 76ers,Minnesota Timberwolves,2.0
"Tue, Jan 3, 2017",Boston Celtics,Utah Jazz,11.0
"Tue, Jan 3, 2017",Detroit Pistons,Indiana Pacers,-5.0
"Tue, Jan 3, 2017",Dallas Mavericks,Washington Wizards,8.0
"Tue, Jan 3, 2017",San Antonio Spurs,Toronto Raptors,28.0
"Tue, Jan 3, 2017",Denver Nuggets,Sacramento Kings,-7.0
"Tue, Jan 3, 2017",Phoenix Suns,Miami Heat,9.0
"Tue, Jan 3, 2017",Los Angeles Lakers,Memphis Grizzlies,14.0
"Wed, Jan 4, 2017",Charlotte Hornets,Oklahoma City Thunder,11.0
"Wed, Jan 4, 2017",Orlando Magic,Atlanta Hawks,-19.0
"Wed, Jan 4, 2017",New York Knicks,Milwaukee Bucks,-1.0
"Wed, Jan 4, 2017",Cleveland Cavaliers,Chicago Bulls,-12.0
"Wed, Jan 4, 2017",Golden State Warriors,Portland Trail Blazers,8.0
"Wed, Jan 4, 2017",Los Angeles Clippers,Memphis Grizzlies,9.0
"Wed, Jan 4, 2017",Sacramento Kings,Miami Heat,-5.0
"Thu, Jan 5, 2017",Indiana Pacers,Brooklyn Nets,12.0
"Thu, Jan 5, 2017",Detroit Pistons,Charlotte Hornets,1.0
"Thu, Jan 5, 2017",Toronto Raptors,Utah Jazz,8.0
"Thu, Jan 5, 2017",Houston Rockets,Oklahoma City Thunder,2.0
"Thu, Jan 5, 2017",New Orleans Pelicans,Atlanta Hawks,-5.0
"Thu, Jan 5, 2017",Dallas Mavericks,Phoenix Suns,-7.0
"Thu, Jan 5, 2017",Denver Nuggets,San Antonio Spurs,-28.0
"Thu, Jan 5, 2017",Portland Trail Blazers,Los Angeles Lakers,9.0
"Fri, Jan 6, 2017",Orlando Magic,Houston Rockets,-7.0
"Fri, Jan 6, 2017",Washington Wizards,Minnesota Timberwolves,7.0
"Fri, Jan 6, 2017",Boston Celtics,Philadelphia 76ers,4.0
"Fri, Jan 6, 2017",Brooklyn Nets,Cleveland Cavaliers,-8.0
"Fri, Jan 6, 2017",Milwaukee Bucks,New York Knicks,-5.0
"Fri, Jan 6, 2017",Golden State Warriors,Memphis Grizzlies,-9.0
"Fri, Jan 6, 2017",Los Angeles Lakers,Miami Heat,27.0
"Fri, Jan 6, 2017",Sacramento Kings,Los Angeles Clippers,-8.0
"Sat, Jan 7, 2017",Indiana Pacers,New York Knicks,14.0
"Sat, Jan 7, 2017",Boston Celtics,New Orleans Pelicans,9.0
"Sat, Jan 7, 2017",Chicago Bulls,Toronto Raptors,5.0
"Sat, Jan 7, 2017",Minnesota Timberwolves,Utah Jazz,-2.0
"Sat, Jan 7, 2017",Oklahoma City Thunder,Denver Nuggets,15.0
"Sat, Jan 7, 2017",Dallas Mavericks,Atlanta Hawks,-15.0
"Sat, Jan 7, 2017",San Antonio Spurs,Charlotte Hornets,17.0
"Sun, Jan 8, 2017",Brooklyn Nets,Philadelphia 76ers,-10.0
"Sun, Jan 8, 2017",Milwaukee Bucks,Washington Wizards,-6.0
"Sun, Jan 8, 2017",Los Angeles Clippers,Miami Heat,12.0
"Sun, Jan 8, 2017",Toronto Raptors,Houston Rockets,-7.0
"Sun, Jan 8, 2017",Memphis Grizzlies,Utah Jazz,9.0
"Sun, Jan 8, 2017",Phoenix Suns,Cleveland Cavaliers,-4.0
"Sun, Jan 8, 2017",Portland Trail Blazers,Detroit Pistons,-1.0
"Sun, Jan 8, 2017",Sacramento Kings,Golden State Warriors,-11.0
"Sun, Jan 8, 2017",Los Angeles Lakers,Orlando Magic,16.0
"Mon, Jan 9, 2017",New York Knicks,New Orleans Pelicans,-14.0
"Mon, Jan 9, 2017",Chicago Bulls,Oklahoma City Thunder,-15.0
"Mon, Jan 9, 2017",Minnesota Timberwolves,Dallas Mavericks,9.0
"Tue, Jan 10, 2017",Washington Wizards,Chicago Bulls,2.0
"Tue, Jan 10, 2017",Brooklyn Nets,Atlanta Hawks,-20.0
"Tue, Jan 10, 2017",Toronto Raptors,Boston Celtics,8.0
"Tue, Jan 10, 2017",Houston Rockets,Charlotte Hornets,7.0
"Tue, Jan 10, 2017",San Antonio Spurs,Milwaukee Bucks,-2.0
"Tue, Jan 10, 2017",Utah Jazz,Cleveland Cavaliers,8.0
"Tue, Jan 10, 2017",Golden State Warriors,Miami Heat,12.0
"Tue, Jan 10, 2017",Los Angeles Lakers,Portland Trail Blazers,-21.0
"Tue, Jan 10, 2017",Sacramento Kings,Detroit Pistons,6.0
"Wed, Jan 11, 2017",Philadelphia 76ers,New York Knicks,1.0
"Wed, Jan 11, 2017",Boston Celtics,Washington Wizards,9.0
"Wed, Jan 11, 2017",Minnesota Timberwolves,Houston Rockets,14.0
"Wed, Jan 11, 2017",Oklahoma City Thunder,Memphis Grizzlies,8.0
"Wed, Jan 11, 2017",Los Angeles Clippers,Orlando Magic,9.0
"Wed, Jan 11, 2017",Portland Trail Blazers,Cleveland Cavaliers,16.0
"Thu, Jan 12, 2017",Denver Nuggets,Indiana Pacers,28.0
"Thu, Jan 12, 2017",Brooklyn Nets,New Orleans Pelicans,-9.0
"Thu, Jan 12, 2017",New York Knicks,Chicago Bulls,15.0
"Thu, Jan 12, 2017",San Antonio Spurs,Los Angeles Lakers,40.0
"Thu, Jan 12, 2017",Phoenix Suns,Dallas Mavericks,-5.0
"Thu, Jan 12, 2017",Golden State Warriors,Detroit Pistons,20.0
"Fri, Jan 13, 2017",Philadelphia 76ers,Charlotte Hornets,9.0
"Fri, Jan 13, 2017",Toronto Raptors,Brooklyn Nets,19.0
"Fri, Jan 13, 2017",Atlanta Hawks,Boston Celtics,-2.0
"Fri, Jan 13, 2017",Houston Rockets,Memphis Grizzlies,-5.0
"Fri, Jan 13, 2017",Milwaukee Bucks,Miami Heat,8.0
"Fri, Jan 13, 2017",Minnesota Timberwolves,Oklahoma City Thunder,10.0
"Fri, Jan 13, 2017",Portland Trail Blazers,Orlando Magic,-6.0
"Fri, Jan 13, 2017",Sacramento Kings,Cleveland Cavaliers,-12.0
"Fri, Jan 13, 2017",Utah Jazz,Detroit Pistons,33.0
"Sat, Jan 14, 2017",Los Angeles Clippers,Los Angeles Lakers,16.0
"Sat, Jan 14, 2017",Chicago Bulls,New Orleans Pelicans,8.0
"Sat, Jan 14, 2017",Phoenix Suns,San Antonio Spurs,3.0
"Sat, Jan 14, 2017",Washington Wizards,Philadelphia 76ers,16.0
"Sat, Jan 14, 2017",Utah Jazz,Orlando Magic,7.0
"Sun, Jan 15, 2017",Dallas Mavericks,Minnesota Timberwolves,11.0
"Sun, Jan 15, 2017",Atlanta Hawks,Milwaukee Bucks,13.0
"Sun, Jan 15, 2017",Toronto Raptors,New York Knicks,15.0
"Sun, Jan 15, 2017",Brooklyn Nets,Houston Rockets,-25.0
"Sun, Jan 15, 2017",Memphis Grizzlies,Chicago Bulls,-4.0
"Sun, Jan 15, 2017",Sacramento Kings,Oklahoma City Thunder,-4.0
"Sun, Jan 15, 2017",Los Angeles Lakers,Detroit Pistons,-5.0
"Mon, Jan 16, 2017",New York Knicks,Atlanta Hawks,-1.0
"Mon, Jan 16, 2017",Washington Wizards,Portland Trail Blazers,19.0
"Mon, Jan 16, 2017",Milwaukee Bucks,Philadelphia 76ers,-9.0
"Mon, Jan 16, 2017",Indiana Pacers,New Orleans Pelicans,3.0
"Mon, Jan 16, 2017",Denver Nuggets,Orlando Magic,13.0
"Mon, Jan 16, 2017",Boston Celtics,Charlotte Hornets,10.0
"Mon, Jan 16, 2017",Golden State Warriors,Cleveland Cavaliers,35.0
"Mon, Jan 16, 2017",Phoenix Suns,Utah Jazz,-5.0
"Mon, Jan 16, 2017",Los Angeles Clippers,Oklahoma City Thunder,22.0
"Tue, Jan 17, 2017",Brooklyn Nets,Toronto Raptors,-10.0
"Tue, Jan 17, 2017",Miami Heat,Houston Rockets,6.0
"Tue, Jan 17, 2017",Chicago Bulls,Dallas Mavericks,-1.0
"Tue, Jan 17, 2017",San Antonio Spurs,Minnesota Timberwolves,8.0
"Tue, Jan 17, 2017",Los Angeles Lakers,Denver Nuggets,-6.0
"Wed, Jan 18, 2017",Charlotte Hornets,Portland Trail Blazers,22.0
"Wed, Jan 18, 2017",Philadelphia 76ers,Toronto Raptors,5.0
"Wed, Jan 18, 2017",Washington Wizards,Memphis Grizzlies,3.0
"Wed, Jan 18, 2017",Boston Celtics,New York Knicks,-11.0
"Wed, Jan 18, 2017",Detroit Pistons,Atlanta Hawks,23.0
"Wed, Jan 18, 2017",Houston Rockets,Milwaukee Bucks,19.0
"Wed, Jan 18, 2017",New Orleans Pelicans,Orlando Magic,20.0
"Wed, Jan 18, 2017",Golden State Warriors,Oklahoma City Thunder,21.0
"Wed, Jan 18, 2017",Sacramento Kings,Indiana Pacers,-6.0
"Thu, Jan 19, 2017",Cleveland Cavaliers,Phoenix Suns,15.0
"Thu, Jan 19, 2017",Miami Heat,Dallas Mavericks,4.0
"Thu, Jan 19, 2017",New York Knicks,Washington Wizards,-3.0
"Thu, Jan 19, 2017",San Antonio Spurs,Denver Nuggets,14.0
"Thu, Jan 19, 2017",Los Angeles Clippers,Minnesota Timberwolves,-3.0
"Fri, Jan 20, 2017",Charlotte Hornets,Toronto Raptors,35.0
"Fri, Jan 20, 2017",Orlando Magic,Milwaukee Bucks,16.0
"Fri, Jan 20, 2017",Philadelphia 76ers,Portland Trail Blazers,1.0
"Fri, Jan 20, 2017",Atlanta Hawks,Chicago Bulls,9.0
"Fri, Jan 20, 2017",Houston Rockets,Golden State Warriors,-17.0
"Fri, Jan 20, 2017",Memphis Grizzlies,Sacramento Kings,16.0
"Fri, Jan 20, 2017",New Orleans Pelicans,Brooklyn Nets,-29.0
"Fri, Jan 20, 2017",Dallas Mavericks,Utah Jazz,-5.0
"Fri, Jan 20, 2017",Los Angeles Lakers,Indiana Pacers,13.0
"Sat, Jan 21, 2017",Boston Celtics,Portland Trail Blazers,-4.0
"Sat, Jan 21, 2017",Detroit Pistons,Washington Wizards,1.0
"Sat, Jan 21, 2017",Atlanta Hawks,Philadelphia 76ers,17.0
"Sat, Jan 21, 2017",Charlotte Hornets,Brooklyn Nets,7.0
"Sat, Jan 21, 2017",Miami Heat,Milwaukee Bucks,12.0
"Sat, Jan 21, 2017",New York Knicks,Phoenix Suns,-2.0
"Sat, Jan 21, 2017",Memphis Grizzlies,Houston Rockets,-24.0
"Sat, Jan 21, 2017",Cleveland Cavaliers,San Antonio Spurs,-3.0
"Sat, Jan 21, 2017",Chicago Bulls,Sacramento Kings,3.0
"Sat, Jan 21, 2017",Denver Nuggets,Los Angeles Clippers,25.0
"Sat, Jan 21, 2017",Utah Jazz,Indiana Pacers,9.0
"Sun, Jan 22, 2017",Orlando Magic,Golden State Warriors,-20.0
"Sun, Jan 22, 2017",Dallas Mavericks,Los Angeles Lakers,49.0
"Sun, Jan 22, 2017",Toronto Raptors,Phoenix Suns,-12.0
"Sun, Jan 22, 2017",Minnesota Timberwolves,Denver Nuggets,3.0
"Mon, Jan 23, 2017",Charlotte Hornets,Washington Wizards,-10.0
"Mon, Jan 23, 2017",Atlanta Hawks,Los Angeles Clippers,-10.0
"Mon, Jan 23, 2017",Brooklyn Nets,San Antonio Spurs,-26.0
"Mon, Jan 23, 2017",Detroit Pistons,Sacramento Kings,-5.0
"Mon, Jan 23, 2017",Miami Heat,Golden State Warriors,3.0
"Mon, Jan 23, 2017",Indiana Pacers,New York Knicks,-6.0
"Mon, Jan 23, 2017",Milwaukee Bucks,Houston Rockets,13.0
"Mon, Jan 23, 2017",New Orleans Pelicans,Cleveland Cavaliers,2.0
"Mon, Jan 23, 2017",Utah Jazz,Oklahoma City Thunder,-2.0
"Tue, Jan 24, 2017",Orlando Magic,Chicago Bulls,-8.0
"Tue, Jan 24, 2017",Philadelphia 76ers,Los Angeles Clippers,11.0
"Tue, Jan 24, 2017",Toronto Raptors,San Antonio Spurs,-2.0
"Tue, Jan 24, 2017",Washington Wizards,Boston Celtics,15.0
"Tue, Jan 24, 2017",Denver Nuggets,Utah Jazz,10.0
"Tue, Jan 24, 2017",Phoenix Suns,Minnesota Timberwolves,-1.0
"Wed, Jan 25, 2017",Cleveland Cavaliers,Sacramento Kings,-4.0
"Wed, Jan 25, 2017",Boston Celtics,Houston Rockets,11.0
"Wed, Jan 25, 2017",Brooklyn Nets,Miami Heat,-3.0
"Wed, Jan 25, 2017",Chicago Bulls,Atlanta Hawks,-5.0
"Wed, Jan 25, 2017",Charlotte Hornets,Golden State Warriors,-10.0
"Wed, Jan 25, 2017",Memphis Grizzlies,Toronto Raptors,2.0
"Wed, Jan 25, 2017",Milwaukee Bucks,Philadelphia 76ers,-5.0
"Wed, Jan 25, 2017",New Orleans Pelicans,Oklahoma City Thunder,-9.0
"Wed, Jan 25, 2017",Dallas Mavericks,New York Knicks,8.0
"Wed, Jan 25, 2017",Portland Trail Blazers,Los Angeles Lakers,7.0
"Thu, Jan 26, 2017",Minnesota Timberwolves,Indiana Pacers,-6.0
"Thu, Jan 26, 2017",Oklahoma City Thunder,Dallas Mavericks,11.0
"Thu, Jan 26, 2017",Denver Nuggets,Phoenix Suns,7.0
"Thu, Jan 26, 2017",Utah Jazz,Los Angeles Lakers,8.0
"Fri, Jan 27, 2017",Indiana Pacers,Sacramento Kings,4.0
"Fri, Jan 27, 2017",Boston Celtics,Orlando Magic,30.0
"Fri, Jan 27, 2017",Cleveland Cavaliers,Brooklyn Nets,8.0
"Fri, Jan 27, 2017",New York Knicks,Charlotte Hornets,3.0
"Fri, Jan 27, 2017",Toronto Raptors,Milwaukee Bucks,16.0
"Fri, Jan 27, 2017",Atlanta Hawks,Washington Wizards,-26.0
"Fri, Jan 27, 2017",Chicago Bulls,Miami Heat,-12.0
"Fri, Jan 27, 2017",New Orleans Pelicans,San Antonio Spurs,16.0
"Fri, Jan 27, 2017",Philadelphia 76ers,Houston Rockets,-5.0
"Fri, Jan 27, 2017",Portland Trail Blazers,Memphis Grizzlies,3.0
"Sat, Jan 28, 2017",Charlotte Hornets,Sacramento Kings,-3.0
"Sat, Jan 28, 2017",Miami Heat,Detroit Pistons,13.0
"Sat, Jan 28, 2017",Milwaukee Bucks,Boston Celtics,-4.0
"Sat, Jan 28, 2017",Golden State Warriors,Los Angeles Clippers,46.0
"Sat, Jan 28, 2017",Minnesota Timberwolves,Brooklyn Nets,20.0
"Sat, Jan 28, 2017",Phoenix Suns,Denver Nuggets,-11.0
"Sat, Jan 28, 2017",Utah Jazz,Memphis Grizzlies,-7.0
"Sun, Jan 29, 2017",Atlanta Hawks,New York Knicks,3.0
"Sun, Jan 29, 2017",Cleveland Cavaliers,Oklahoma City Thunder,16.0
"Sun, Jan 29, 2017",Indiana Pacers,Houston Rockets,19.0
"Sun, Jan 29, 2017",New Orleans Pelicans,Washington Wizards,-13.0
"Sun, Jan 29, 2017",Toronto Raptors,Orlando Magic,-1.0
"Sun, Jan 29, 2017",Chicago Bulls,Philadelphia 76ers,13.0
"Sun, Jan 29, 2017",San Antonio Spurs,Dallas Mavericks,-4.0
"Sun, Jan 29, 2017",Portland Trail Blazers,Golden State Warriors,-2.0
"Mon, Jan 30, 2017",Philadelphia 76ers,Sacramento Kings,3.0
"Mon, Jan 30, 2017",Miami Heat,Brooklyn Nets,8.0
"Mon, Jan 30, 2017",Boston Celtics,Detroit Pistons,4.0
"Mon, Jan 30, 2017",Minnesota Timberwolves,Orlando Magic,6.0
"Mon, Jan 30, 2017",Dallas Mavericks,Cleveland Cavaliers,7.0
"Mon, Jan 30, 2017",Phoenix Suns,Memphis Grizzlies,-19.0
"Tue, Jan 31, 2017",Toronto Raptors,New Orleans Pelicans,2.0
"Tue, Jan 31, 2017",Washington Wizards,New York Knicks,16.0
"Tue, Jan 31, 2017",Houston Rockets,Sacramento Kings,22.0
"Tue, Jan 31, 2017",San Antonio Spurs,Oklahoma City Thunder,14.0
"Tue, Jan 31, 2017",Portland Trail Blazers,Charlotte Hornets,17.0
"Tue, Jan 31, 2017",Los Angeles Lakers,Denver Nuggets,4.0
"Wed, Feb 1, 2017",Cleveland Cavaliers,Minnesota Timberwolves,28.0
"Wed, Feb 1, 2017",Orlando Magic,Indiana Pacers,-10.0
"Wed, Feb 1, 2017",Boston Celtics,Toronto Raptors,5.0
"Wed, Feb 1, 2017",Brooklyn Nets,New York Knicks,-5.0
"Wed, Feb 1, 2017",Detroit Pistons,New Orleans Pelicans,20.0
"Wed, Feb 1, 2017",Miami Heat,Atlanta Hawks,23.0
"Wed, Feb 1, 2017",Dallas Mavericks,Philadelphia 76ers,18.0
"Wed, Feb 1, 2017",Denver Nuggets,Memphis Grizzlies,-20.0
"Wed, Feb 1, 2017",Phoenix Suns,Los Angeles Clippers,-10.0
"Wed, Feb 1, 2017",Utah Jazz,Milwaukee Bucks,16.0
"Wed, Feb 1, 2017",Oklahoma City Thunder,Chicago Bulls,-28.0
"Wed, Feb 1, 2017",Golden State Warriors,Charlotte Hornets,15.0
"Thu, Feb 2, 2017",Washington Wizards,Los Angeles Lakers,8.0
"Thu, Feb 2, 2017",Houston Rockets,Atlanta Hawks,-5.0
"Thu, Feb 2, 2017",San Antonio Spurs,Philadelphia 76ers,16.0
"Thu, Feb 2, 2017",Los Angeles Clippers,Golden State Warriors,-13.0
"Fri, Feb 3, 2017",Orlando Magic,Toronto Raptors,8.0
"Fri, Feb 3, 2017",Brooklyn Nets,Indiana Pacers,-9.0
"Fri, Feb 3, 2017",Detroit Pistons,Minnesota Timberwolves,8.0
"Fri, Feb 3, 2017",Boston Celtics,Los Angeles Lakers,6.0
"Fri, Feb 3, 2017",Houston Rockets,Chicago Bulls,4.0
"Fri, Feb 3, 2017",Oklahoma City Thunder,Memphis Grizzlies,12.0
"Fri, Feb 3, 2017",Denver Nuggets,Milwaukee Bucks,4.0
"Fri, Feb 3, 2017",Portland Trail Blazers,Dallas Mavericks,-4.0
"Fri, Feb 3, 2017",Sacramento Kings,Phoenix Suns,-2.0
"Sat, Feb 4, 2017",Atlanta Hawks,Orlando Magic,27.0
"Sat, Feb 4, 2017",Indiana Pacers,Detroit Pistons,21.0
"Sat, Feb 4, 2017",Washington Wizards,New Orleans Pelicans,14.0
"Sat, Feb 4, 2017",Miami Heat,Philadelphia 76ers,23.0
"Sat, Feb 4, 2017",New York Knicks,Cleveland Cavaliers,-7.0
"Sat, Feb 4, 2017",Minnesota Timberwolves,Memphis Grizzlies,-8.0
"Sat, Feb 4, 2017",Phoenix Suns,Milwaukee Bucks,-25.0
"Sat, Feb 4, 2017",San Antonio Spurs,Denver Nuggets,24.0
"Sat, Feb 4, 2017",Utah Jazz,Charlotte Hornets,7.0
"Sat, Feb 4, 2017",Sacramento Kings,Golden State Warriors,3.0
"Sun, Feb 5, 2017",Brooklyn Nets,Toronto Raptors,-8.0
"Sun, Feb 5, 2017",Boston Celtics,Los Angeles Clippers,5.0
"Sun, Feb 5, 2017",Oklahoma City Thunder,Portland Trail Blazers,6.0
"Mon, Feb 6, 2017",Indiana Pacers,Oklahoma City Thunder,3.0
"Mon, Feb 6, 2017",New York Knicks,Los Angeles Lakers,-14.0
"Mon, Feb 6, 2017",Washington Wizards,Cleveland Cavaliers,-5.0
"Mon, Feb 6, 2017",Atlanta Hawks,Utah Jazz,-25.0
"Mon, Feb 6, 2017",Detroit Pistons,Philadelphia 76ers,17.0
"Mon, Feb 6, 2017",Toronto Raptors,Los Angeles Clippers,9.0
"Mon, Feb 6, 2017",Minnesota Timberwolves,Miami Heat,-2.0
"Mon, Feb 6, 2017",New Orleans Pelicans,Phoenix Suns,5.0
"Mon, Feb 6, 2017",Denver Nuggets,Dallas Mavericks,23.0
"Mon, Feb 6, 2017",Memphis Grizzlies,San Antonio Spurs,15.0
"Mon, Feb 6, 2017",Sacramento Kings,Chicago Bulls,-5.0
"Tue, Feb 7, 2017",Charlotte Hornets,Brooklyn Nets,4.0
"Tue, Feb 7, 2017",Houston Rockets,Orlando Magic,24.0
"Tue, Feb 7, 2017",Dallas Mavericks,Portland Trail Blazers,-1.0
"Wed, Feb 8, 2017",Indiana Pacers,Cleveland Cavaliers,-15.0
"Wed, Feb 8, 2017",Philadelphia 76ers,San Antonio Spurs,-8.0
"Wed, Feb 8, 2017",Atlanta Hawks,Denver Nuggets,11.0
"Wed, Feb 8, 2017",Brooklyn Nets,Washington Wizards,-4.0
"Wed, Feb 8, 2017",Detroit Pistons,Los Angeles Lakers,19.0
"Wed, Feb 8, 2017",Memphis Grizzlies,Phoenix Suns,19.0
"Wed, Feb 8, 2017",Milwaukee Bucks,Miami Heat,-18.0
"Wed, Feb 8, 2017",Minnesota Timberwolves,Toronto Raptors,3.0
"Wed, Feb 8, 2017",New Orleans Pelicans,Utah Jazz,-33.0
"Wed, Feb 8, 2017",New York Knicks,Los Angeles Clippers,-4.0
"Wed, Feb 8, 2017",Golden State Warriors,Chicago Bulls,31.0
"Wed, Feb 8, 2017",Sacramento Kings,Boston Celtics,16.0
"Thu, Feb 9, 2017",Charlotte Hornets,Houston Rockets,-12.0
"Thu, Feb 9, 2017",Orlando Magic,Philadelphia 76ers,-1.0
"Thu, Feb 9, 2017",Oklahoma City Thunder,Cleveland Cavaliers,9.0
"Thu, Feb 9, 2017",Dallas Mavericks,Utah Jazz,7.0
"Thu, Feb 9, 2017",Portland Trail Blazers,Boston Celtics,-9.0
"Fri, Feb 10, 2017",Brooklyn Nets,Miami Heat,-9.0
"Fri, Feb 10, 2017",Detroit Pistons,San Antonio Spurs,-11.0
"Fri, Feb 10, 2017",New York Knicks,Denver Nuggets,-8.0
"Fri, Feb 10, 2017",Memphis Grizzlies,Golden State Warriors,-15.0
"Fri, Feb 10, 2017",Milwaukee Bucks,Los Angeles Lakers,-8.0
"Fri, Feb 10, 2017",Minnesota Timberwolves,New Orleans Pelicans,-16.0
"Fri, Feb 10, 2017",Washington Wizards,Indiana Pacers,5.0
"Fri, Feb 10, 2017",Phoenix Suns,Chicago Bulls,18.0
"Fri, Feb 10, 2017",Sacramento Kings,Atlanta Hawks,1.0
"Sat, Feb 11, 2017",Charlotte Hornets,Los Angeles Clippers,-5.0
"Sat, Feb 11, 2017",Indiana Pacers,Milwaukee Bucks,-16.0
"Sat, Feb 11, 2017",Cleveland Cavaliers,Denver Nuggets,16.0
"Sat, Feb 11, 2017",Philadelphia 76ers,Miami Heat,8.0
"Sat, Feb 11, 2017",Oklahoma City Thunder,Golden State Warriors,-16.0
"Sat, Feb 11, 2017",Dallas Mavericks,Orlando Magic,32.0
"Sat, Feb 11, 2017",Houston Rockets,Phoenix Suns,31.0
"Sat, Feb 11, 2017",Utah Jazz,Boston Celtics,-8.0
"Sun, Feb 12, 2017",Minnesota Timberwolves,Chicago Bulls,28.0
"Sun, Feb 12, 2017",New York Knicks,San Antonio Spurs,4.0
"Sun, Feb 12, 2017",Toronto Raptors,Detroit Pistons,-1.0
"Sun, Feb 12, 2017",Sacramento Kings,New Orleans Pelicans,6.0
"Mon, Feb 13, 2017",Charlotte Hornets,Philadelphia 76ers,-6.0
"Mon, Feb 13, 2017",Indiana Pacers,San Antonio Spurs,-4.0
"Mon, Feb 13, 2017",Brooklyn Nets,Memphis Grizzlies,-9.0
"Mon, Feb 13, 2017",Miami Heat,Orlando Magic,-9.0
"Mon, Feb 13, 2017",Milwaukee Bucks,Detroit Pistons,13.0
"Mon, Feb 13, 2017",Washington Wizards,Oklahoma City Thunder,22.0
"Mon, Feb 13, 2017",Dallas Mavericks,Boston Celtics,-13.0
"Mon, Feb 13, 2017",Denver Nuggets,Golden State Warriors,22.0
"Mon, Feb 13, 2017",Phoenix Suns,New Orleans Pelicans,-2.0
"Mon, Feb 13, 2017",Utah Jazz,Los Angeles Clippers,-16.0
"Mon, Feb 13, 2017",Portland Trail Blazers,Atlanta Hawks,-5.0
"Tue, Feb 14, 2017",Chicago Bulls,Toronto Raptors,11.0
"Tue, Feb 14, 2017",Minnesota Timberwolves,Cleveland Cavaliers,-8.0
"Tue, Feb 14, 2017",Los Angeles Lakers,Sacramento Kings,-1.0
"Wed, Feb 15, 2017",Cleveland Cavaliers,Indiana Pacers,9.0
"Wed, Feb 15, 2017",Orlando Magic,San Antonio Spurs,-28.0
"Wed, Feb 15, 2017",Boston Celtics,Philadelphia 76ers,8.0
"Wed, Feb 15, 2017",Brooklyn Nets,Milwaukee Bucks,-4.0
"Wed, Feb 15, 2017",Detroit Pistons,Dallas Mavericks,7.0
"Wed, Feb 15, 2017",Toronto Raptors,Charlotte Hornets,5.0
"Wed, Feb 15, 2017",Houston Rockets,Miami Heat,-8.0
"Wed, Feb 15, 2017",Memphis Grizzlies,New Orleans Pelicans,-4.0
"Wed, Feb 15, 2017",Denver Nuggets,Minnesota Timberwolves,-13.0
"Wed, Feb 15, 2017",Phoenix Suns,Los Angeles Lakers,36.0
"Wed, Feb 15, 2017",Utah Jazz,Portland Trail Blazers,23.0
"Wed, Feb 15, 2017",Oklahoma City Thunder,New York Knicks,11.0
"Wed, Feb 15, 2017",Golden State Warriors,Sacramento Kings,23.0
"Wed, Feb 15, 2017",Los Angeles Clippers,Atlanta Hawks,15.0
"Thu, Feb 16, 2017",Indiana Pacers,Washington Wizards,-13.0
"Thu, Feb 16, 2017",Chicago Bulls,Boston Celtics,1.0
"Thu, Feb 23, 2017",Orlando Magic,Portland Trail Blazers,-9.0
"Thu, Feb 23, 2017",Detroit Pistons,Charlotte Hornets,6.0
"Thu, Feb 23, 2017",Cleveland Cavaliers,New York Knicks,15.0
"Thu, Feb 23, 2017",New Orleans Pelicans,Houston Rockets,-30.0
"Thu, Feb 23, 2017",Golden State Warriors,Los Angeles Clippers,10.0
"Thu, Feb 23, 2017",Sacramento Kings,Denver Nuggets,16.0
"Fri, Feb 24, 2017",Indiana Pacers,Memphis Grizzlies,10.0
"Fri, Feb 24, 2017",Philadelphia 76ers,Washington Wizards,8.0
"Fri, Feb 24, 2017",Atlanta Hawks,Miami Heat,-18.0
"Fri, Feb 24, 2017",Chicago Bulls,Phoenix Suns,7.0
"Fri, Feb 24, 2017",Milwaukee Bucks,Utah Jazz,-14.0
"Fri, Feb 24, 2017",Minnesota Timberwolves,Dallas Mavericks,13.0
"Fri, Feb 24, 2017",Oklahoma City Thunder,Los Angeles Lakers,17.0
"Fri, Feb 24, 2017",Toronto Raptors,Boston Celtics,10.0
"Fri, Feb 24, 2017",Denver Nuggets,Brooklyn Nets,20.0
"Fri, Feb 24, 2017",Los Angeles Clippers,San Antonio Spurs,-8.0
"Sat, Feb 25, 2017",Sacramento Kings,Charlotte Hornets,-14.0
"Sat, Feb 25, 2017",Orlando Magic,Atlanta Hawks,19.0
"Sat, Feb 25, 2017",New York Knicks,Philadelphia 76ers,1.0
"Sat, Feb 25, 2017",Miami Heat,Indiana Pacers,18.0
"Sat, Feb 25, 2017",Cleveland Cavaliers,Chicago Bulls,-18.0
"Sat, Feb 25, 2017",Dallas Mavericks,New Orleans Pelicans,13.0
"Sat, Feb 25, 2017",Houston Rockets,Minnesota Timberwolves,12.0
"Sat, Feb 25, 2017",Golden State Warriors,Brooklyn Nets,17.0
"Sun, Feb 26, 2017",Los Angeles Lakers,San Antonio Spurs,-21.0
"Sun, Feb 26, 2017",Milwaukee Bucks,Phoenix Suns,4.0
"Sun, Feb 26, 2017",Denver Nuggets,Memphis Grizzlies,-7.0
"Sun, Feb 26, 2017",Washington Wizards,Utah Jazz,-10.0
"Sun, Feb 26, 2017",Detroit Pistons,Boston Celtics,-6.0
"Sun, Feb 26, 2017",Toronto Raptors,Portland Trail Blazers,6.0
"Sun, Feb 26, 2017",Oklahoma City Thunder,New Orleans Pelicans,8.0
"Sun, Feb 26, 2017",Los Angeles Clippers,Charlotte Hornets,3.0
"Mon, Feb 27, 2017",Cleveland Cavaliers,Milwaukee Bucks,7.0
"Mon, Feb 27, 2017",New York Knicks,Toronto Raptors,-1.0
"Mon, Feb 27, 2017",Philadelphia 76ers,Golden State Warriors,-11.0
"Mon, Feb 27, 2017",Boston Celtics,Atlanta Hawks,-16.0
"Mon, Feb 27, 2017",Dallas Mavericks,Miami Heat,7.0
"Mon, Feb 27, 2017",Houston Rockets,Indiana Pacers,-9.0
"Mon, Feb 27, 2017",Sacramento Kings,Minnesota Timberwolves,-14.0
"Tue, Feb 28, 2017",Washington Wizards,Golden State Warriors,4.0
"Tue, Feb 28, 2017",Detroit Pistons,Portland Trail Blazers,7.0
"Tue, Feb 28, 2017",Chicago Bulls,Denver Nuggets,-18.0
"Tue, Feb 28, 2017",Memphis Grizzlies,Phoenix Suns,18.0
"Tue, Feb 28, 2017",Oklahoma City Thunder,Utah Jazz,3.0
"Tue, Feb 28, 2017",Los Angeles Lakers,Charlotte Hornets,-5.0
"Wed, Mar 1, 2017",Orlando Magic,New York Knicks,-11.0
"Wed, Mar 1, 2017",Atlanta Hawks,Dallas Mavericks,5.0
"Wed, Mar 1, 2017",Miami Heat,Philadelphia 76ers,27.0
"Wed, Mar 1, 2017",Toronto Raptors,Washington Wizards,-9.0
"Wed, Mar 1, 2017",Boston Celtics,Cleveland Cavaliers,4.0
"Wed, Mar 1, 2017",Milwaukee Bucks,Denver Nuggets,-12.0
"Wed, Mar 1, 2017",New Orleans Pelicans,Detroit Pistons,23.0
"Wed, Mar 1, 2017",San Antonio Spurs,Indiana Pacers,1.0
"Wed, Mar 1, 2017",Utah Jazz,Minnesota Timberwolves,-27.0
"Wed, Mar 1, 2017",Los Angeles Clippers,Houston Rockets,-19.0
"Wed, Mar 1, 2017",Sacramento Kings,Brooklyn Nets,-9.0
"Thu, Mar 2, 2017",Chicago Bulls,Golden State Warriors,7.0
"Thu, Mar 2, 2017",Phoenix Suns,Charlotte Hornets,17.0
"Thu, Mar 2, 2017",Portland Trail Blazers,Oklahoma City Thunder,5.0
"Fri, Mar 3, 2017",Atlanta Hawks,Cleveland Cavaliers,-5.0
"Fri, Mar 3, 2017",Orlando Magic,Miami Heat,11.0
"Fri, Mar 3, 2017",Philadelphia 76ers,New York Knicks,3.0
"Fri, Mar 3, 2017",Washington Wizards,Toronto Raptors,-8.0
"Fri, Mar 3, 2017",Milwaukee Bucks,Los Angeles Clippers,11.0
"Fri, Mar 3, 2017",Dallas Mavericks,Memphis Grizzlies,4.0
"Fri, Mar 3, 2017",Phoenix Suns,Oklahoma City Thunder,7.0
"Fri, Mar 3, 2017",Utah Jazz,Brooklyn Nets,15.0
"Fri, Mar 3, 2017",New Orleans Pelicans,San Antonio Spurs,-3.0
"Fri, Mar 3, 2017",Los Angeles Lakers,Boston Celtics,-20.0
"Sat, Mar 4, 2017",Philadelphia 76ers,Detroit Pistons,-30.0
"Sat, Mar 4, 2017",Miami Heat,Cleveland Cavaliers,28.0
"Sat, Mar 4, 2017",Milwaukee Bucks,Toronto Raptors,7.0
"Sat, Mar 4, 2017",Chicago Bulls,Los Angeles Clippers,-10.0
"Sat, Mar 4, 2017",Denver Nuggets,Charlotte Hornets,-10.0
"Sat, Mar 4, 2017",Houston Rockets,Memphis Grizzlies,15.0
"Sat, Mar 4, 2017",San Antonio Spurs,Minnesota Timberwolves,7.0
"Sat, Mar 4, 2017",Portland Trail Blazers,Brooklyn Nets,14.0
"Sun, Mar 5, 2017",Atlanta Hawks,Indiana Pacers,-1.0
"Sun, Mar 5, 2017",New York Knicks,Golden State Warriors,-7.0
"Sun, Mar 5, 2017",Phoenix Suns,Boston Celtics,3.0
"Sun, Mar 5, 2017",Washington Wizards,Orlando Magic,1.0
"Sun, Mar 5, 2017",Sacramento Kings,Utah Jazz,-1.0
"Sun, Mar 5, 2017",Dallas Mavericks,Oklahoma City Thunder,15.0
"Sun, Mar 5, 2017",Los Angeles Lakers,New Orleans Pelicans,-8.0
"Mon, Mar 6, 2017",Cleveland Cavaliers,Miami Heat,-8.0
"Mon, Mar 6, 2017",Orlando Magic,New York Knicks,-8.0
"Mon, Mar 6, 2017",Philadelphia 76ers,Milwaukee Bucks,-14.0
"Mon, Mar 6, 2017",Atlanta Hawks,Golden State Warriors,-8.0
"Mon, Mar 6, 2017",Detroit Pistons,Chicago Bulls,14.0
"Mon, Mar 6, 2017",Charlotte Hornets,Indiana Pacers,12.0
"Mon, Mar 6, 2017",Memphis Grizzlies,Brooklyn Nets,-13.0
"Mon, Mar 6, 2017",San Antonio Spurs,Houston Rockets,2.0
"Mon, Mar 6, 2017",Denver Nuggets,Sacramento Kings,12.0
"Mon, Mar 6, 2017",Utah Jazz,New Orleans Pelicans,5.0
"Mon, Mar 6, 2017",Los Angeles Clippers,Boston Celtics,14.0
"Tue, Mar 7, 2017",Oklahoma City Thunder,Portland Trail Blazers,-5.0
"Tue, Mar 7, 2017",Dallas Mavericks,Los Angeles Lakers,11.0
"Tue, Mar 7, 2017",Phoenix Suns,Washington Wizards,-4.0
"Wed, Mar 8, 2017",Orlando Magic,Chicago Bulls,7.0
"Wed, Mar 8, 2017",Atlanta Hawks,Brooklyn Nets,5.0
"Wed, Mar 8, 2017",Miami Heat,Charlotte Hornets,7.0
"Wed, Mar 8, 2017",Houston Rockets,Utah Jazz,-7.0
"Wed, Mar 8, 2017",Indiana Pacers,Detroit Pistons,17.0
"Wed, Mar 8, 2017",Milwaukee Bucks,New York Knicks,11.0
"Wed, Mar 8, 2017",Minnesota Timberwolves,Los Angeles Clippers,16.0
"Wed, Mar 8, 2017",New Orleans Pelicans,Toronto Raptors,-7.0
"Wed, Mar 8, 2017",San Antonio Spurs,Sacramento Kings,10.0
"Wed, Mar 8, 2017",Denver Nuggets,Washington Wizards,-10.0
"Wed, Mar 8, 2017",Golden State Warriors,Boston Celtics,-13.0
"Thu, Mar 9, 2017",Detroit Pistons,Cleveland Cavaliers,5.0
"Thu, Mar 9, 2017",Memphis Grizzlies,Los Angeles Clippers,-16.0
"Thu, Mar 9, 2017",Oklahoma City Thunder,San Antonio Spurs,10.0
"Thu, Mar 9, 2017",Portland Trail Blazers,Philadelphia 76ers,6.0
"Thu, Mar 9, 2017",Phoenix Suns,Los Angeles Lakers,-12.0
"Fri, Mar 10, 2017",Charlotte Hornets,Orlando Magic,40.0
"Fri, Mar 10, 2017",Atlanta Hawks,Toronto Raptors,6.0
"Fri, Mar 10, 2017",Chicago Bulls,Houston Rockets,-21.0
"Fri, Mar 10, 2017",Milwaukee Bucks,Indiana Pacers,14.0
"Fri, Mar 10, 2017",Minnesota Timberwolves,Golden State Warriors,1.0
"Fri, Mar 10, 2017",Dallas Mavericks,Brooklyn Nets,9.0
"Fri, Mar 10, 2017",Denver Nuggets,Boston Celtics,20.0
"Fri, Mar 10, 2017",Sacramento Kings,Washington Wizards,-8.0
"Sat, Mar 11, 2017",Oklahoma City Thunder,Utah Jazz,8.0
"Sat, Mar 11, 2017",Los Angeles Clippers,Philadelphia 76ers,12.0
"Sat, Mar 11, 2017",Detroit Pistons,New York Knicks,20.0
"Sat, Mar 11, 2017",Charlotte Hornets,New Orleans Pelicans,-3.0
"Sat, Mar 11, 2017",Orlando Magic,Cleveland Cavaliers,-12.0
"Sat, Mar 11, 2017",Miami Heat,Toronto Raptors,15.0
"Sat, Mar 11, 2017",Milwaukee Bucks,Minnesota Timberwolves,7.0
"Sat, Mar 11, 2017",San Antonio Spurs,Golden State Warriors,22.0
"Sat, Mar 11, 2017",Dallas Mavericks,Phoenix Suns,-2.0
"Sat, Mar 11, 2017",Memphis Grizzlies,Atlanta Hawks,-17.0
"Sat, Mar 11, 2017",Portland Trail Blazers,Washington Wizards,-1.0
"Sat, Mar 11, 2017",Sacramento Kings,Denver Nuggets,-13.0
"Sun, Mar 12, 2017",Boston Celtics,Chicago Bulls,20.0
"Sun, Mar 12, 2017",Brooklyn Nets,New York Knicks,8.0
"Sun, Mar 12, 2017",Indiana Pacers,Miami Heat,4.0
"Sun, Mar 12, 2017",Houston Rockets,Cleveland Cavaliers,5.0
"Sun, Mar 12, 2017",Phoenix Suns,Portland Trail Blazers,-9.0
"Sun, Mar 12, 2017",Los Angeles Lakers,Philadelphia 76ers,-2.0
"Mon, Mar 13, 2017",Charlotte Hornets,Chicago Bulls,-6.0
"Mon, Mar 13, 2017",Toronto Raptors,Dallas Mavericks,22.0
"Mon, Mar 13, 2017",Memphis Grizzlies,Milwaukee Bucks,20.0
"Mon, Mar 13, 2017",Minnesota Timberwolves,Washington Wizards,15.0
"Mon, Mar 13, 2017",San Antonio Spurs,Atlanta Hawks,8.0
"Mon, Mar 13, 2017",Utah Jazz,Los Angeles Clippers,6.0
"Mon, Mar 13, 2017",Denver Nuggets,Los Angeles Lakers,28.0
"Mon, Mar 13, 2017",Sacramento Kings,Orlando Magic,5.0
"Tue, Mar 14, 2017",Cleveland Cavaliers,Detroit Pistons,32.0
"Tue, Mar 14, 2017",Brooklyn Nets,Oklahoma City Thunder,-18.0
"Tue, Mar 14, 2017",New York Knicks,Indiana Pacers,6.0
"Tue, Mar 14, 2017",New Orleans Pelicans,Portland Trail Blazers,23.0
"Tue, Mar 14, 2017",Golden State Warriors,Philadelphia 76ers,2.0
"Wed, Mar 15, 2017",Indiana Pacers,Charlotte Hornets,21.0
"Wed, Mar 15, 2017",Washington Wizards,Dallas Mavericks,-5.0
"Wed, Mar 15, 2017",Boston Celtics,Minnesota Timberwolves,13.0
"Wed, Mar 15, 2017",Detroit Pistons,Utah Jazz,-14.0
"Wed, Mar 15, 2017",Miami Heat,New Orleans Pelicans,8.0
"Wed, Mar 15, 2017",Chicago Bulls,Memphis Grizzlies,-7.0
"Wed, Mar 15, 2017",Houston Rockets,Los Angeles Lakers,39.0
"Wed, Mar 15, 2017",San Antonio Spurs,Portland Trail Blazers,-4.0
"Wed, Mar 15, 2017",Phoenix Suns,Sacramento Kings,-6.0
"Wed, Mar 15, 2017",Los Angeles Clippers,Milwaukee Bucks,-1.0
"Thu, Mar 16, 2017",Cleveland Cavaliers,Utah Jazz,8.0
"Thu, Mar 16, 2017",Toronto Raptors,Oklahoma City Thunder,-21.0
"Thu, Mar 16, 2017",Atlanta Hawks,Memphis Grizzlies,-12.0
"Thu, Mar 16, 2017",New York Knicks,Brooklyn Nets,-11.0
"Thu, Mar 16, 2017",Denver Nuggets,Los Angeles Clippers,15.0
"Thu, Mar 16, 2017",Golden State Warriors,Orlando Magic,30.0
"Fri, Mar 17, 2017",Philadelphia 76ers,Dallas Mavericks,42.0
"Fri, Mar 17, 2017",Washington Wizards,Chicago Bulls,5.0
"Fri, Mar 17, 2017",Brooklyn Nets,Boston Celtics,-3.0
"Fri, Mar 17, 2017",Detroit Pistons,Toronto Raptors,-12.0
"Fri, Mar 17, 2017",Miami Heat,Minnesota Timberwolves,18.0
"Fri, Mar 17, 2017",New Orleans Pelicans,Houston Rockets,16.0
"Fri, Mar 17, 2017",Phoenix Suns,Orlando Magic,-6.0
"Fri, Mar 17, 2017",Los Angeles Lakers,Milwaukee Bucks,-4.0
"Sat, Mar 18, 2017",Oklahoma City Thunder,Sacramento Kings,16.0
"Sat, Mar 18, 2017",Atlanta Hawks,Portland Trail Blazers,-16.0
"Sat, Mar 18, 2017",Charlotte Hornets,Washington Wizards,5.0
"Sat, Mar 18, 2017",Los Angeles Clippers,Cleveland Cavaliers,30.0
"Sat, Mar 18, 2017",Chicago Bulls,Utah Jazz,9.0
"Sat, Mar 18, 2017",Memphis Grizzlies,San Antonio Spurs,8.0
"Sat, Mar 18, 2017",Denver Nuggets,Houston Rockets,-4.0
"Sat, Mar 18, 2017",Golden State Warriors,Milwaukee Bucks,25.0
"Sun, Mar 19, 2017",Brooklyn Nets,Dallas Mavericks,-7.0
"Sun, Mar 19, 2017",Philadelphia 76ers,Boston Celtics,6.0
"Sun, Mar 19, 2017",Detroit Pistons,Phoenix Suns,17.0
"Sun, Mar 19, 2017",Miami Heat,Portland Trail Blazers,-11.0
"Sun, Mar 19, 2017",New Orleans Pelicans,Minnesota Timberwolves,14.0
"Sun, Mar 19, 2017",Toronto Raptors,Indiana Pacers,25.0
"Sun, Mar 19, 2017",San Antonio Spurs,Sacramento Kings,16.0
"Sun, Mar 19, 2017",Los Angeles Lakers,Cleveland Cavaliers,-5.0
"Mon, Mar 20, 2017",Charlotte Hornets,Atlanta Hawks,15.0
"Mon, Mar 20, 2017",Indiana Pacers,Utah Jazz,7.0
"Mon, Mar 20, 2017",Orlando Magic,Philadelphia 76ers,3.0
"Mon, Mar 20, 2017",Boston Celtics,Washington Wizards,8.0
"Mon, Mar 20, 2017",Houston Rockets,Denver Nuggets,1.0
"Mon, Mar 20, 2017",Oklahoma City Thunder,Golden State Warriors,-16.0
"Mon, Mar 20, 2017",Los Angeles Clippers,New York Knicks,9.0
"Tue, Mar 21, 2017",Toronto Raptors,Chicago Bulls,2.0
"Tue, Mar 21, 2017",Brooklyn Nets,Detroit Pistons,2.0
"Tue, Mar 21, 2017",Miami Heat,Phoenix Suns,15.0
"Tue, Mar 21, 2017",New Orleans Pelicans,Memphis Grizzlies,13.0
"Tue, Mar 21, 2017",Dallas Mavericks,Golden State Warriors,-25.0
"Tue, Mar 21, 2017",Minnesota Timberwolves,San Antonio Spurs,-7.0
"Tue, Mar 21, 2017",Portland Trail Blazers,Milwaukee Bucks,-3.0
"Tue, Mar 21, 2017",Los Angeles Lakers,Los Angeles Clippers,-24.0
"Wed, Mar 22, 2017",Orlando Magic,Charlotte Hornets,-7.0
"Wed, Mar 22, 2017",Boston Celtics,Indiana Pacers,9.0
"Wed, Mar 22, 2017",Chicago Bulls,Detroit Pistons,22.0
"Wed, Mar 22, 2017",Oklahoma City Thunder,Philadelphia 76ers,25.0
"Wed, Mar 22, 2017",Washington Wizards,Atlanta Hawks,4.0
"Wed, Mar 22, 2017",Denver Nuggets,Cleveland Cavaliers,13.0
"Wed, Mar 22, 2017",Sacramento Kings,Milwaukee Bucks,-18.0
"Wed, Mar 22, 2017",Utah Jazz,New York Knicks,7.0
"Thu, Mar 23, 2017",Brooklyn Nets,Phoenix Suns,28.0
"Thu, Mar 23, 2017",Miami Heat,Toronto Raptors,-17.0
"Thu, Mar 23, 2017",Dallas Mavericks,Los Angeles Clippers,2.0
"Thu, Mar 23, 2017",San Antonio Spurs,Memphis Grizzlies,7.0
"Thu, Mar 23, 2017",Portland Trail Blazers,New York Knicks,15.0
"Fri, Mar 24, 2017",Charlotte Hornets,Cleveland Cavaliers,-7.0
"Fri, Mar 24, 2017",Indiana Pacers,Denver Nuggets,-8.0
"Fri, Mar 24, 2017",Orlando Magic,Detroit Pistons,28.0
"Fri, Mar 24, 2017",Washington Wizards,Brooklyn Nets,21.0
"Fri, Mar 24, 2017",Boston Celtics,Phoenix Suns,10.0
"Fri, Mar 24, 2017",Chicago Bulls,Philadelphia 76ers,-10.0
"Fri, Mar 24, 2017",Houston Rockets,New Orleans Pelicans,10.0
"Fri, Mar 24, 2017",Milwaukee Bucks,Atlanta Hawks,3.0
"Fri, Mar 24, 2017",Golden State Warriors,Sacramento Kings,14.0
"Fri, Mar 24, 2017",Los Angeles Lakers,Minnesota Timberwolves,11.0
"Sat, Mar 25, 2017",Los Angeles Clippers,Utah Jazz,13.0
"Sat, Mar 25, 2017",Cleveland Cavaliers,Washington Wizards,-12.0
"Sat, Mar 25, 2017",Dallas Mavericks,Toronto Raptors,-8.0
"Sat, Mar 25, 2017",San Antonio Spurs,New York Knicks,8.0
"Sat, Mar 25, 2017",Portland Trail Blazers,Minnesota Timberwolves,12.0
"Sun, Mar 26, 2017",Atlanta Hawks,Brooklyn Nets,-15.0
"Sun, Mar 26, 2017",Charlotte Hornets,Phoenix Suns,14.0
"Sun, Mar 26, 2017",Houston Rockets,Oklahoma City Thunder,12.0
"Sun, Mar 26, 2017",Los Angeles Clippers,Sacramento Kings,-1.0
"Sun, Mar 26, 2017",Milwaukee Bucks,Chicago Bulls,-15.0
"Sun, Mar 26, 2017",Boston Celtics,Miami Heat,4.0
"Sun, Mar 26, 2017",Indiana Pacers,Philadelphia 76ers,13.0
"Sun, Mar 26, 2017",Denver Nuggets,New Orleans Pelicans,-25.0
"Sun, Mar 26, 2017",Golden State Warriors,Memphis Grizzlies,12.0
"Sun, Mar 26, 2017",Los Angeles Lakers,Portland Trail Blazers,-16.0
"Mon, Mar 27, 2017",New York Knicks,Detroit Pistons,14.0
"Mon, Mar 27, 2017",Toronto Raptors,Orlando Magic,19.0
"Mon, Mar 27, 2017",San Antonio Spurs,Cleveland Cavaliers,29.0
"Mon, Mar 27, 2017",Dallas Mavericks,Oklahoma City Thunder,-1.0
"Mon, Mar 27, 2017",Sacramento Kings,Memphis Grizzlies,1.0
"Mon, Mar 27, 2017",Utah Jazz,New Orleans Pelicans,8.0
"Tue, Mar 28, 2017",Charlotte Hornets,Milwaukee Bucks,-10.0
"Tue, Mar 28, 2017",Indiana Pacers,Minnesota Timberwolves,-1.0
"Tue, Mar 28, 2017",Atlanta Hawks,Phoenix Suns,4.0
"Tue, Mar 28, 2017",Brooklyn Nets,Philadelphia 76ers,-5.0
"Tue, Mar 28, 2017",Detroit Pistons,Miami Heat,-1.0
"Tue, Mar 28, 2017",Houston Rockets,Golden State Warriors,-7.0
"Tue, Mar 28, 2017",Portland Trail Blazers,Denver Nuggets,9.0
"Tue, Mar 28, 2017",Los Angeles Lakers,Washington Wizards,-11.0
"Wed, Mar 29, 2017",Orlando Magic,Oklahoma City Thunder,-8.0
"Wed, Mar 29, 2017",Philadelphia 76ers,Atlanta Hawks,-7.0
"Wed, Mar 29, 2017",Boston Celtics,Milwaukee Bucks,-3.0
"Wed, Mar 29, 2017",New York Knicks,Miami Heat,-17.0
"Wed, Mar 29, 2017",Toronto Raptors,Charlotte Hornets,-4.0
"Wed, Mar 29, 2017",Memphis Grizzlies,Indiana Pacers,13.0
"Wed, Mar 29, 2017",New Orleans Pelicans,Dallas Mavericks,3.0
"Wed, Mar 29, 2017",San Antonio Spurs,Golden State Warriors,-12.0
"Wed, Mar 29, 2017",Los Angeles Clippers,Washington Wizards,9.0
"Wed, Mar 29, 2017",Sacramento Kings,Utah Jazz,-30.0
"Thu, Mar 30, 2017",Detroit Pistons,Brooklyn Nets,1.0
"Thu, Mar 30, 2017",Chicago Bulls,Cleveland Cavaliers,6.0
"Thu, Mar 30, 2017",Minnesota Timberwolves,Los Angeles Lakers,15.0
"Thu, Mar 30, 2017",Phoenix Suns,Los Angeles Clippers,-6.0
"Thu, Mar 30, 2017",Portland Trail Blazers,Houston Rockets,10.0
"Fri, Mar 31, 2017",Charlotte Hornets,Denver Nuggets,8.0
"Fri, Mar 31, 2017",Toronto Raptors,Indiana Pacers,11.0
"Fri, Mar 31, 2017",Boston Celtics,Orlando Magic,1.0
"Fri, Mar 31, 2017",Cleveland Cavaliers,Philadelphia 76ers,17.0
"Fri, Mar 31, 2017",Memphis Grizzlies,Dallas Mavericks,9.0
"Fri, Mar 31, 2017",Miami Heat,New York Knicks,-4.0
"Fri, Mar 31, 2017",Milwaukee Bucks,Detroit Pistons,3.0
"Fri, Mar 31, 2017",New Orleans Pelicans,Sacramento Kings,28.0
"Fri, Mar 31, 2017",Oklahoma City Thunder,San Antonio Spurs,-5.0
"Fri, Mar 31, 2017",Utah Jazz,Washington Wizards,7.0
"Fri, Mar 31, 2017",Golden State Warriors,Houston Rockets,9.0
"Sat, Apr 1, 2017",Los Angeles Clippers,Los Angeles Lakers,11.0
"Sat, Apr 1, 2017",Chicago Bulls,Atlanta Hawks,2.0
"Sat, Apr 1, 2017",Brooklyn Nets,Orlando Magic,10.0
"Sat, Apr 1, 2017",Minnesota Timberwolves,Sacramento Kings,-6.0
"Sat, Apr 1, 2017",Portland Trail Blazers,Phoenix Suns,13.0
"Sun, Apr 2, 2017",New York Knicks,Boston Celtics,-16.0
"Sun, Apr 2, 2017",Oklahoma City Thunder,Charlotte Hornets,-12.0
"Sun, Apr 2, 2017",Los Angeles Lakers,Memphis Grizzlies,5.0
"Sun, Apr 2, 2017",Milwaukee Bucks,Dallas Mavericks,-4.0
"Sun, Apr 2, 2017",San Antonio Spurs,Utah Jazz,6.0
"Sun, Apr 2, 2017",Brooklyn Nets,Atlanta Hawks,9.0
"Sun, Apr 2, 2017",Cleveland Cavaliers,Indiana Pacers,5.0
"Sun, Apr 2, 2017",Miami Heat,Denver Nuggets,-3.0
"Sun, Apr 2, 2017",New Orleans Pelicans,Chicago Bulls,-7.0
"Sun, Apr 2, 2017",Toronto Raptors,Philadelphia 76ers,8.0
"Sun, Apr 2, 2017",Golden State Warriors,Washington Wizards,24.0
"Sun, Apr 2, 2017",Phoenix Suns,Houston Rockets,-7.0
"Mon, Apr 3, 2017",Minnesota Timberwolves,Portland Trail Blazers,1.0
"Tue, Apr 4, 2017",Cleveland Cavaliers,Orlando Magic,20.0
"Tue, Apr 4, 2017",Indiana Pacers,Toronto Raptors,18.0
"Tue, Apr 4, 2017",Philadelphia 76ers,Brooklyn Nets,-23.0
"Tue, Apr 4, 2017",Washington Wizards,Charlotte Hornets,7.0
"Tue, Apr 4, 2017",New Orleans Pelicans,Denver Nuggets,-3.0
"Tue, Apr 4, 2017",New York Knicks,Chicago Bulls,9.0
"Tue, Apr 4, 2017",Oklahoma City Thunder,Milwaukee Bucks,31.0
"Tue, Apr 4, 2017",San Antonio Spurs,Memphis Grizzlies,6.0
"Tue, Apr 4, 2017",Utah Jazz,Portland Trail Blazers,19.0
"Tue, Apr 4, 2017",Golden State Warriors,Minnesota Timberwolves,14.0
"Tue, Apr 4, 2017",Sacramento Kings,Dallas Mavericks,11.0
"Wed, Apr 5, 2017",Charlotte Hornets,Miami Heat,-13.0
"Wed, Apr 5, 2017",Detroit Pistons,Toronto Raptors,-3.0
"Wed, Apr 5, 2017",Boston Celtics,Cleveland Cavaliers,-23.0
"Wed, Apr 5, 2017",Houston Rockets,Denver Nuggets,6.0
"Wed, Apr 5, 2017",Memphis Grizzlies,Oklahoma City Thunder,-3.0
"Wed, Apr 5, 2017",San Antonio Spurs,Los Angeles Lakers,-7.0
"Wed, Apr 5, 2017",Phoenix Suns,Golden State Warriors,-9.0
"Wed, Apr 5, 2017",Los Angeles Clippers,Dallas Mavericks,11.0
"Thu, Apr 6, 2017",Indiana Pacers,Milwaukee Bucks,15.0
"Thu, Apr 6, 2017",Orlando Magic,Brooklyn Nets,8.0
"Thu, Apr 6, 2017",Philadelphia 76ers,Chicago Bulls,-12.0
"Thu, Apr 6, 2017",New York Knicks,Washington Wizards,-3.0
"Thu, Apr 6, 2017",Atlanta Hawks,Boston Celtics,7.0
"Thu, Apr 6, 2017",Portland Trail Blazers,Minnesota Timberwolves,7.0
"Fri, Apr 7, 2017",Cleveland Cavaliers,Atlanta Hawks,-14.0
"Fri, Apr 7, 2017",Toronto Raptors,Miami Heat,2.0
"Fri, Apr 7, 2017",Houston Rockets,Detroit Pistons,-5.0
"Fri, Apr 7, 2017",Memphis Grizzlies,New York Knicks,13.0
"Fri, Apr 7, 2017",Dallas Mavericks,San Antonio Spurs,-13.0
"Fri, Apr 7, 2017",Denver Nuggets,New Orleans Pelicans,16.0
"Fri, Apr 7, 2017",Utah Jazz,Minnesota Timberwolves,7.0
"Fri, Apr 7, 2017",Phoenix Suns,Oklahoma City Thunder,21.0
"Fri, Apr 7, 2017",Los Angeles Lakers,Sacramento Kings,4.0
"Sat, Apr 8, 2017",Brooklyn Nets,Chicago Bulls,1.0
"Sat, Apr 8, 2017",Charlotte Hornets,Boston Celtics,-7.0
"Sat, Apr 8, 2017",Orlando Magic,Indiana Pacers,-15.0
"Sat, Apr 8, 2017",Philadelphia 76ers,Milwaukee Bucks,-8.0
"Sat, Apr 8, 2017",Washington Wizards,Miami Heat,-3.0
"Sat, Apr 8, 2017",San Antonio Spurs,Los Angeles Clippers,-11.0
"Sat, Apr 8, 2017",Portland Trail Blazers,Utah Jazz,15.0
"Sat, Apr 8, 2017",Golden State Warriors,New Orleans Pelicans,22.0
"Sun, Apr 9, 2017",New York Knicks,Toronto Raptors,-13.0
"Sun, Apr 9, 2017",Atlanta Hawks,Cleveland Cavaliers,1.0
"Sun, Apr 9, 2017",Denver Nuggets,Oklahoma City Thunder,-1.0
"Sun, Apr 9, 2017",Memphis Grizzlies,Detroit Pistons,-13.0
"Sun, Apr 9, 2017",Phoenix Suns,Dallas Mavericks,13.0
"Sun, Apr 9, 2017",Sacramento Kings,Houston Rockets,-7.0
"Sun, Apr 9, 2017",Los Angeles Lakers,Minnesota Timberwolves,1.0
"Mon, Apr 10, 2017",Philadelphia 76ers,Indiana Pacers,-9.0
"Mon, Apr 10, 2017",Boston Celtics,Brooklyn Nets,9.0
"Mon, Apr 10, 2017",Miami Heat,Cleveland Cavaliers,3.0
"Mon, Apr 10, 2017",Chicago Bulls,Orlando Magic,47.0
"Mon, Apr 10, 2017",Detroit Pistons,Washington Wizards,-4.0
"Mon, Apr 10, 2017",Milwaukee Bucks,Charlotte Hornets,10.0
"Mon, Apr 10, 2017",Portland Trail Blazers,San Antonio Spurs,1.0
"Mon, Apr 10, 2017",Golden State Warriors,Utah Jazz,-6.0
"Mon, Apr 10, 2017",Los Angeles Clippers,Houston Rockets,29.0
"Tue, Apr 11, 2017",Atlanta Hawks,Charlotte Hornets,27.0
"Tue, Apr 11, 2017",Minnesota Timberwolves,Oklahoma City Thunder,-2.0
"Tue, Apr 11, 2017",Dallas Mavericks,Denver Nuggets,-18.0
"Tue, Apr 11, 2017",Los Angeles Lakers,New Orleans Pelicans,12.0
"Tue, Apr 11, 2017",Sacramento Kings,Phoenix Suns,25.0
"Wed, Apr 12, 2017",Boston Celtics,Milwaukee Bucks,18.0
"Wed, Apr 12, 2017",Chicago Bulls,Brooklyn Nets,39.0
"Wed, Apr 12, 2017",Cleveland Cavaliers,Toronto Raptors,-15.0
"Wed, Apr 12, 2017",Houston Rockets,Minnesota Timberwolves,5.0
"Wed, Apr 12, 2017",Indiana Pacers,Atlanta Hawks,18.0
"Wed, Apr 12, 2017",Memphis Grizzlies,Dallas Mavericks,-7.0
"Wed, Apr 12, 2017",Miami Heat,Washington Wizards,8.0
"Wed, Apr 12, 2017",New York Knicks,Philadelphia 76ers,1.0
"Wed, Apr 12, 2017",Oklahoma City Thunder,Denver Nuggets,-6.0
"Wed, Apr 12, 2017",Orlando Magic,Detroit Pistons,4.0
"Wed, Apr 12, 2017",Utah Jazz,San Antonio Spurs,4.0
"Wed, Apr 12, 2017",Golden State Warriors,Los Angeles Lakers,15.0
"Wed, Apr 12, 2017",Los Angeles Clippers,Sacramento Kings,20.0
"Wed, Apr 12, 2017",Portland Trail Blazers,New Orleans Pelicans,-3.0
Playoffs,,,
"Sat, Apr 15, 2017",Cleveland Cavaliers,Indiana Pacers,1.0
"Sat, Apr 15, 2017",Toronto Raptors,Milwaukee Bucks,-14.0
"Sat, Apr 15, 2017",San Antonio Spurs,Memphis Grizzlies,29.0
"Sat, Apr 15, 2017",Los Angeles Clippers,Utah Jazz,-2.0
"Sun, Apr 16, 2017",Washington Wizards,Atlanta Hawks,7.0
"Sun, Apr 16, 2017",Golden State Warriors,Portland Trail Blazers,12.0
"Sun, Apr 16, 2017",Boston Celtics,Chicago Bulls,-4.0
"Sun, Apr 16, 2017",Houston Rockets,Oklahoma City Thunder,31.0
"Mon, Apr 17, 2017",Cleveland Cavaliers,Indiana Pacers,6.0
"Mon, Apr 17, 2017",San Antonio Spurs,Memphis Grizzlies,14.0
"Tue, Apr 18, 2017",Toronto Raptors,Milwaukee Bucks,6.0
"Tue, Apr 18, 2017",Boston Celtics,Chicago Bulls,-14.0
"Tue, Apr 18, 2017",Los Angeles Clippers,Utah Jazz,8.0
"Wed, Apr 19, 2017",Washington Wizards,Atlanta Hawks,8.0
"Wed, Apr 19, 2017",Houston Rockets,Oklahoma City Thunder,4.0
"Wed, Apr 19, 2017",Golden State Warriors,Portland Trail Blazers,29.0
"Thu, Apr 20, 2017",Indiana Pacers,Cleveland Cavaliers,-5.0
"Thu, Apr 20, 2017",Milwaukee Bucks,Toronto Raptors,27.0
"Thu, Apr 20, 2017",Memphis Grizzlies,San Antonio Spurs,11.0
"Fri, Apr 21, 2017",Chicago Bulls,Boston Celtics,-17.0
"Fri, Apr 21, 2017",Oklahoma City Thunder,Houston Rockets,2.0
"Fri, Apr 21, 2017",Utah Jazz,Los Angeles Clippers,-5.0
"Sat, Apr 22, 2017",Milwaukee Bucks,Toronto Raptors,-11.0
"Sat, Apr 22, 2017",Atlanta Hawks,Washington Wizards,18.0
"Sat, Apr 22, 2017",Memphis Grizzlies,San Antonio Spurs,2.0
"Sat, Apr 22, 2017",Portland Trail Blazers,Golden State Warriors,-6.0
"Sun, Apr 23, 2017",Indiana Pacers,Cleveland Cavaliers,-4.0
"Sun, Apr 23, 2017",Oklahoma City Thunder,Houston Rockets,-4.0
"Sun, Apr 23, 2017",Chicago Bulls,Boston Celtics,-9.0
"Sun, Apr 23, 2017",Utah Jazz,Los Angeles Clippers,7.0
"Mon, Apr 24, 2017",Toronto Raptors,Milwaukee Bucks,25.0
"Mon, Apr 24, 2017",Atlanta Hawks,Washington Wizards,10.0
"Mon, Apr 24, 2017",Portland Trail Blazers,Golden State Warriors,-25.0
"Tue, Apr 25, 2017",Houston Rockets,Oklahoma City Thunder,6.0
"Tue, Apr 25, 2017",San Antonio Spurs,Memphis Grizzlies,13.0
"Tue, Apr 25, 2017",Los Angeles Clippers,Utah Jazz,-4.0
"Wed, Apr 26, 2017",Washington Wizards,Atlanta Hawks,4.0
"Wed, Apr 26, 2017",Boston Celtics,Chicago Bulls,11.0
"Thu, Apr 27, 2017",Milwaukee Bucks,Toronto Raptors,-3.0
"Thu, Apr 27, 2017",Memphis Grizzlies,San Antonio Spurs,-7.0
"Fri, Apr 28, 2017",Atlanta Hawks,Washington Wizards,-16.0
"Fri, Apr 28, 2017",Chicago Bulls,Boston Celtics,-22.0
"Fri, Apr 28, 2017",Utah Jazz,Los Angeles Clippers,-5.0
"Sun, Apr 30, 2017",Boston Celtics,Washington Wizards,12.0
"Sun, Apr 30, 2017",Los Angeles Clippers,Utah Jazz,-13.0
"Mon, May 1, 2017",Cleveland Cavaliers,Toronto Raptors,11.0
"Mon, May 1, 2017",San Antonio Spurs,Houston Rockets,-27.0
"Tue, May 2, 2017",Boston Celtics,Washington Wizards,10.0
"Tue, May 2, 2017",Golden State Warriors,Utah Jazz,12.0
"Wed, May 3, 2017",Cleveland Cavaliers,Toronto Raptors,22.0
"Wed, May 3, 2017",San Antonio Spurs,Houston Rockets,25.0
"Thu, May 4, 2017",Washington Wizards,Boston Celtics,27.0
"Thu, May 4, 2017",Golden State Warriors,Utah Jazz,11.0
"Fri, May 5, 2017",Toronto Raptors,Cleveland Cavaliers,-21.0
"Fri, May 5, 2017",Houston Rockets,San Antonio Spurs,-11.0
"Sat, May 6, 2017",Utah Jazz,Golden State Warriors,-11.0
"Sun, May 7, 2017",Toronto Raptors,Cleveland Cavaliers,-7.0
"Sun, May 7, 2017",Washington Wizards,Boston Celtics,19.0
"Sun, May 7, 2017",Houston Rockets,San Antonio Spurs,21.0
"Mon, May 8, 2017",Utah Jazz,Golden State Warriors,-26.0
"Tue, May 9, 2017",San Antonio Spurs,Houston Rockets,3.0
"Wed, May 10, 2017",Boston Celtics,Washington Wizards,22.0
"Thu, May 11, 2017",Houston Rockets,San Antonio Spurs,-39.0
"Fri, May 12, 2017",Washington Wizards,Boston Celtics,1.0
"Sun, May 14, 2017",Golden State Warriors,San Antonio Spurs,2.0
"Mon, May 15, 2017",Boston Celtics,Washington Wizards,10.0
"Tue, May 16, 2017",Golden State Warriors,San Antonio Spurs,36.0
"Wed, May 17, 2017",Boston Celtics,Cleveland Cavaliers,-13.0
"Fri, May 19, 2017",Boston Celtics,Cleveland Cavaliers,-44.0
"Sat, May 20, 2017",San Antonio Spurs,Golden State Warriors,-12.0
"Sun, May 21, 2017",Cleveland Cavaliers,Boston Celtics,-3.0
"Mon, May 22, 2017",San Antonio Spurs,Golden State Warriors,-14.0
"Tue, May 23, 2017",Cleveland Cavaliers,Boston Celtics,13.0
"Thu, May 25, 2017",Boston Celtics,Cleveland Cavaliers,-33.0
"Thu, Jun 1, 2017",Golden State Warriors,Cleveland Cavaliers,22.0
"Sun, Jun 4, 2017",Golden State Warriors,Cleveland Cavaliers,19.0
"Wed, Jun 7, 2017",Cleveland Cavaliers,Golden State Warriors,-5.0
"Fri, Jun 9, 2017",Cleveland Cavaliers,Golden State Warriors,21.0
"Mon, Jun 12, 2017",Golden State Warriors,Cleveland Cavaliers,9.0
